DROP TABLE tbl_athlete;

CREATE TABLE `tbl_athlete` (
  `a_id` int(11) NOT NULL AUTO_INCREMENT,
  `a_name` varchar(255) NOT NULL,
  `a_num` varchar(30) NOT NULL,
  `a_photo` varchar(255) NOT NULL,
  `a_category` varchar(100) NOT NULL,
  `a_level` varchar(100) NOT NULL,
  `del_id` int(11) NOT NULL,
  `status` int(11) NOT NULL,
  PRIMARY KEY (`a_id`)
) ENGINE=InnoDB AUTO_INCREMENT=245 DEFAULT CHARSET=latin1;

INSERT INTO tbl_athlete VALUES("2","BANGKA, VANESSA E.","063","images/default.gif","Girls","Elementary","2","1");
INSERT INTO tbl_athlete VALUES("3","AGUM, JONH MACKY Q.","298","images/default.gif","Boys","Secondary","6","1");
INSERT INTO tbl_athlete VALUES("4","BILONOAC, APRIL ROSE Z. ","077","images/default.gif","Girls","Secondary","2","1");
INSERT INTO tbl_athlete VALUES("5","CALIT, JOHN R.","001","images/default.gif","Boys","Elementary","9","1");
INSERT INTO tbl_athlete VALUES("6","ANGTOD, ERICJUN R.","299","images/default.gif","Boys","Secondary","6","1");
INSERT INTO tbl_athlete VALUES("7","DELOS REYES, LEA SHERYL B. ","064","images/default.gif","Girls","Elementary","2","1");
INSERT INTO tbl_athlete VALUES("8","DELOS SANTOS, ANGEL F. ","065","images/default.gif","Girls","Elementary","2","1");
INSERT INTO tbl_athlete VALUES("9","DEPLAN, RENANTE B.","002","images/default.gif","Boys","Elementary","9","1");
INSERT INTO tbl_athlete VALUES("10","ASILO, RUSSEL Q.","300","images/default.gif","Boys","Secondary","6","1");
INSERT INTO tbl_athlete VALUES("11","BASNIG, BRYAN G.","301","images/default.gif","Boys","Secondary","6","1");
INSERT INTO tbl_athlete VALUES("12","ISIP, JEFRAN P.","003","images/default.gif","Boys","Elementary","9","1");
INSERT INTO tbl_athlete VALUES("13","HATE, ANGIE B.","078","images/default.gif","Girls","Secondary","2","1");
INSERT INTO tbl_athlete VALUES("14","ESCOL, CHERRY MAE G.","1001","images/default.gif","Girls","Elementary","2","1");
INSERT INTO tbl_athlete VALUES("15","LOFRANCO, PETER BOY T.","302","images/default.gif","Boys","Secondary","6","1");
INSERT INTO tbl_athlete VALUES("16","LARGO, KHENT C. ","004","images/default.gif","Boys","Elementary","9","1");
INSERT INTO tbl_athlete VALUES("17","ESCOL, CHERRY MAE G. ","066","images/default.gif","Girls","Elementary","2","1");
INSERT INTO tbl_athlete VALUES("18","LUCES, HARIES RALPH A.","303","images/default.gif","Boys","Secondary","6","1");
INSERT INTO tbl_athlete VALUES("19","GONZALES, CRISTY MAE F.","067","images/default.gif","Girls","Elementary","2","1");
INSERT INTO tbl_athlete VALUES("20","PABUA, AERTH VINCENT Y.","304","images/default.gif","Boys","Secondary","6","1");
INSERT INTO tbl_athlete VALUES("21","JAPAY, JESSA MAE","079","images/default.gif","Girls","Secondary","2","1");
INSERT INTO tbl_athlete VALUES("22","LLABORE, JESS PAUL L.","005","images/default.gif","Boys","Elementary","9","1");
INSERT INTO tbl_athlete VALUES("23","PECAN, REGINE L.","068","images/default.gif","Girls","Elementary","2","1");
INSERT INTO tbl_athlete VALUES("24","SEMILLA, SWEET MIE ROSE P.","069","images/default.gif","Girls","Elementary","2","1");
INSERT INTO tbl_athlete VALUES("25","MACAJAS, EUGENE A.","006","images/default.gif","Boys","Elementary","9","1");
INSERT INTO tbl_athlete VALUES("26","LABISTO, MELODIE","080","images/default.gif","Girls","Secondary","2","1");
INSERT INTO tbl_athlete VALUES("27","PANONICIAL, JOEL D.","305","images/default.gif","Boys","Secondary","6","1");
INSERT INTO tbl_athlete VALUES("28","MANSING, JIMUEL","007","images/default.gif","Boys","Elementary","9","1");
INSERT INTO tbl_athlete VALUES("29","BALANTE, JOWAHER B.","277","images/default.gif","Girls","Elementary","6","1");
INSERT INTO tbl_athlete VALUES("30","VILLAMOR, JEAMES RYL M.","306","images/default.gif","Boys","Secondary","6","1");
INSERT INTO tbl_athlete VALUES("31","LIGAD, JUANNA LEE M.","081","images/default.gif","Girls","Secondary","2","1");
INSERT INTO tbl_athlete VALUES("32","BATCHILLER, DEXIE A.","278","images/default.gif","Girls","Elementary","6","1");
INSERT INTO tbl_athlete VALUES("33","PITOGO, JOHN LOYD K.","008","images/default.gif","Boys","Elementary","9","1");
INSERT INTO tbl_athlete VALUES("34","BALBEROS, JHANFORD C.","1002","images/default.gif","Boys","Secondary","6","1");
INSERT INTO tbl_athlete VALUES("35","PETALLO, JUVY JANE P. ","082","images/default.gif","Girls","Secondary","2","1");
INSERT INTO tbl_athlete VALUES("36","LICARDO, MARICHO S.","279","images/default.gif","Girls","Elementary","6","1");
INSERT INTO tbl_athlete VALUES("37","BALBEROS, JHANFORD C.","217","images/default.gif","Boys","Secondary","4","1");
INSERT INTO tbl_athlete VALUES("38","ROSTE, DONDON S.","009","images/default.gif","Boys","Elementary","9","1");
INSERT INTO tbl_athlete VALUES("39","RABOR, MELCHIE B.","083","images/default.gif","Girls","Secondary","2","1");
INSERT INTO tbl_athlete VALUES("40","LEONES, AYESSAMAE M.","280","images/default.gif","Girls","Elementary","6","1");
INSERT INTO tbl_athlete VALUES("41","TORRES, KEITH O.","1003","images/default.gif","Boys","Elementary","9","1");
INSERT INTO tbl_athlete VALUES("42","CALIXTRO, JR","070","images/default.gif","Boys","Secondary","2","1");
INSERT INTO tbl_athlete VALUES("43","MACALUA, KHEI-ANN E.","1004","images/default.gif","Girls","Elementary","6","1");
INSERT INTO tbl_athlete VALUES("44","ALMINE, JEFF BRYAN C. ","271","images/default.gif","Boys","Elementary","6","1");
INSERT INTO tbl_athlete VALUES("45","ROSALES, JEAN ROSE C.","282","images/default.gif","Girls","Elementary","6","1");
INSERT INTO tbl_athlete VALUES("46","BRIGOLE, MADEL Q.","292","images/default.gif","Girls","Secondary","6","1");
INSERT INTO tbl_athlete VALUES("47","CLAVERIA, JEBIE S. ","272","images/default.gif","Boys","Elementary","6","1");
INSERT INTO tbl_athlete VALUES("48","ABENOJA, LOVELY QUEEN L.","011","images/default.gif","Girls","Elementary","9","1");
INSERT INTO tbl_athlete VALUES("49","DAMING, GIL JR. E.","071","images/default.gif","Boys","Secondary","2","1");
INSERT INTO tbl_athlete VALUES("50","NOLIA, ALLIN JOHN M.","072","images/default.gif","Boys","Secondary","2","1");
INSERT INTO tbl_athlete VALUES("51","GILBERO, JHON LLOYD L.","273","images/default.gif","Boys","Elementary","6","1");
INSERT INTO tbl_athlete VALUES("52","ALAS, GRAZILLE ANNE E.","012","images/default.gif","Girls","Elementary","9","1");
INSERT INTO tbl_athlete VALUES("53","DECLA, EMY L.","293","images/default.gif","Girls","Secondary","6","1");
INSERT INTO tbl_athlete VALUES("54","LUCERO, LEONARD C.","274","images/default.gif","Boys","Elementary","6","1");
INSERT INTO tbl_athlete VALUES("55","PETALLO, JOHN RYLLE N.","073","images/default.gif","Boys","Secondary","2","1");
INSERT INTO tbl_athlete VALUES("56","CANILLO, SHENA MAE C.","013","images/default.gif","Girls","Elementary","9","1");
INSERT INTO tbl_athlete VALUES("57","RABOR, ARIEL B.","074","images/default.gif","Boys","Secondary","2","1");
INSERT INTO tbl_athlete VALUES("58","OTOC, RUBEN L.","275","images/default.gif","Boys","Elementary","6","1");
INSERT INTO tbl_athlete VALUES("59","CANONERO, GLEZABEL A.","014","images/default.gif","Girls","Elementary","9","1");
INSERT INTO tbl_athlete VALUES("60","GARBO, QUEEN LYKA M.","294","images/default.gif","Girls","Secondary","6","1");
INSERT INTO tbl_athlete VALUES("61","VILLEGAS, JOHN RAVEN","276","images/default.gif","Boys","Elementary","6","1");
INSERT INTO tbl_athlete VALUES("62","GALURAN, ANGELECA E.","015","images/default.gif","Girls","Elementary","9","1");
INSERT INTO tbl_athlete VALUES("63","BUSCATO, ADRIAN JAY A.","218","images/default.gif","Boys","Secondary","4","1");
INSERT INTO tbl_athlete VALUES("64","LAURENTE, ALOHA NECOLE B.","016","images/default.gif","Girls","Elementary","9","1");
INSERT INTO tbl_athlete VALUES("65","MAGLANTAY, CLAIRE","295","images/default.gif","Girls","Secondary","6","1");
INSERT INTO tbl_athlete VALUES("66","LLEGUE, KRIZZEL C.","017","images/default.gif","Girls","Elementary","9","1");
INSERT INTO tbl_athlete VALUES("67","SIBLERO, ARJAY","283","images/default.gif","Boys","Elementary","6","1");
INSERT INTO tbl_athlete VALUES("68","EBALE, MAHNARD T.","219","images/default.gif","Boys","Secondary","4","1");
INSERT INTO tbl_athlete VALUES("69","LUMAMBAS, BHEBELEN B.","018","images/default.gif","Girls","Elementary","9","1");
INSERT INTO tbl_athlete VALUES("70","HADUCANA, RAMEL C.","220","images/default.gif","Boys","Secondary","4","1");
INSERT INTO tbl_athlete VALUES("71","PAEZ, GRACE-ANN C.","019","images/default.gif","Girls","Elementary","9","1");
INSERT INTO tbl_athlete VALUES("72","ABIS, YHANZY AL O.","055","images/default.gif","Boys","Elementary","2","1");
INSERT INTO tbl_athlete VALUES("73","TORING, JEWEL S.","296","images/default.gif","Girls","Secondary","6","1");
INSERT INTO tbl_athlete VALUES("74","MARTINITO, NENO VENCENT N.","221","images/default.gif","Boys","Secondary","4","1");
INSERT INTO tbl_athlete VALUES("75","RESANDO, RESA T.","020","images/default.gif","Girls","Elementary","9","1");
INSERT INTO tbl_athlete VALUES("76","ARCENAL, MICHAEL ANDREI A.","056","images/default.gif","Boys","Elementary","2","1");
INSERT INTO tbl_athlete VALUES("77","VENDER, PRINCESS DIANNE","297","images/default.gif","Girls","Secondary","6","1");
INSERT INTO tbl_athlete VALUES("78","ANASCO, LEA MIE D.","117","images/default.gif","Girls","Elementary","3","1");
INSERT INTO tbl_athlete VALUES("79","NUNEZ, MARVEN A.","222","images/default.gif","Boys","Secondary","4","1");
INSERT INTO tbl_athlete VALUES("80","ASOY, LICHELLE JANE MARIE M.","118","images/default.gif","Girls","Elementary","3","1");
INSERT INTO tbl_athlete VALUES("81","DURANO, KRISJON A. ","057","images/default.gif","Boys","Elementary","2","1");
INSERT INTO tbl_athlete VALUES("82","PISNGOT, MENARD R.","223","images/default.gif","Boys","Secondary","4","1");
INSERT INTO tbl_athlete VALUES("83","BARREDO, HALLY BESHAIRE R.","119","images/default.gif","Girls","Elementary","3","1");
INSERT INTO tbl_athlete VALUES("84","ENRIQUES, RALPH ROGEN L.","058","images/default.gif","Boys","Elementary","2","1");
INSERT INTO tbl_athlete VALUES("85","BATANG, LORELY G.","226","images/default.gif","Girls","Elementary","4","1");
INSERT INTO tbl_athlete VALUES("86","SEVILLEJO, KIER VINCENT S.","224","images/default.gif","Boys","Secondary","4","1");
INSERT INTO tbl_athlete VALUES("87","ALBIAR, VERDIE LOVE ","126","images/default.gif","Girls","Secondary","3","1");
INSERT INTO tbl_athlete VALUES("88","DACATIMBAN, JESSIEGIRL G.","227","images/default.gif","Girls","Elementary","4","1");
INSERT INTO tbl_athlete VALUES("89","TOMANOT, HERRO B.","225","images/default.gif","Boys","Secondary","4","1");
INSERT INTO tbl_athlete VALUES("90","ANOBA,SHENA JANE","121","images/default.gif","Girls","Secondary","3","1");
INSERT INTO tbl_athlete VALUES("91","GANA, RHEA JANE Z.","228","images/default.gif","Girls","Elementary","4","1");
INSERT INTO tbl_athlete VALUES("92","PACOT, ELBERT F.","059","images/default.gif","Boys","Elementary","2","1");
INSERT INTO tbl_athlete VALUES("93","JUBAN, GENLY-ANN P.","229","images/default.gif","Girls","Elementary","4","1");
INSERT INTO tbl_athlete VALUES("94","PETALLO, JOLLY JIUS T.","060","images/default.gif","Boys","Elementary","2","1");
INSERT INTO tbl_athlete VALUES("95","LABONG, JOYCE D.","230","images/default.gif","Girls","Elementary","4","1");
INSERT INTO tbl_athlete VALUES("96","ANOVER, CHARRY LOVE","123","images/default.gif","Girls","Secondary","3","1");
INSERT INTO tbl_athlete VALUES("97","SOLITARIO, LEMAR A.","075","images/default.gif","Boys","Secondary","2","1");
INSERT INTO tbl_athlete VALUES("98","MANATAD, CAREL JEAN B.","231","images/default.gif","Girls","Elementary","4","1");
INSERT INTO tbl_athlete VALUES("99","RECTO, RICHARD JR. S.","061","images/default.gif","Boys","Elementary","2","1");
INSERT INTO tbl_athlete VALUES("100","TUGAY, WAWIE C.","076","images/default.gif","Boys","Secondary","2","1");
INSERT INTO tbl_athlete VALUES("101","ORO, GRACE E.","232","images/default.gif","Girls","Elementary","4","1");
INSERT INTO tbl_athlete VALUES("102","DEQUITO, DIANA SHAYNE","127","images/default.gif","Girls","Secondary","3","1");
INSERT INTO tbl_athlete VALUES("103","EBOL, NOVA","124","images/default.gif","Girls","Secondary","3","1");
INSERT INTO tbl_athlete VALUES("104","YAMSON, KENGIE E.","062","images/default.gif","Boys","Elementary","2","1");
INSERT INTO tbl_athlete VALUES("105","EVIOTA, ANGELOU","129","images/default.gif","Boys","Secondary","3","1");
INSERT INTO tbl_athlete VALUES("106","ANGOB, QUEENSY E.","234","images/default.gif","Girls","Elementary","8","1");
INSERT INTO tbl_athlete VALUES("107","JACQUEZ, MELROSE","125","images/default.gif","Girls","Secondary","3","1");
INSERT INTO tbl_athlete VALUES("108","EDUSMA, JAMILLA E.","236","images/default.gif","Girls","Elementary","8","1");
INSERT INTO tbl_athlete VALUES("109","BAJO, JADE LHEVIC G.","021","images/default.gif","Boys","Secondary","9","1");
INSERT INTO tbl_athlete VALUES("110","ASERON, JEM WEAL","109","images/default.gif","Boys","Elementary","3","1");
INSERT INTO tbl_athlete VALUES("111","MAYBUENA, RED","122","images/default.gif","Girls","Secondary","3","1");
INSERT INTO tbl_athlete VALUES("112","BERONDO, WELMARCH C.","022","images/default.gif","Boys","Secondary","9","1");
INSERT INTO tbl_athlete VALUES("113","INOC, ROMAR","110","images/default.gif","Boys","Elementary","3","1");
INSERT INTO tbl_athlete VALUES("114","PALMA, PRINCESS MAE","128","images/default.gif","Girls","Secondary","3","1");
INSERT INTO tbl_athlete VALUES("115","CALIT, MARIEL","023","images/default.gif","Boys","Secondary","9","1");
INSERT INTO tbl_athlete VALUES("116","ILLUT, KEMJIE P.","024","images/default.gif","Boys","Secondary","9","1");
INSERT INTO tbl_athlete VALUES("117","LULAB, JELIAN EVE B.","337","images/default.gif","Girls","Elementary","8","1");
INSERT INTO tbl_athlete VALUES("118","TEMBLOR, REJAY","111","images/default.gif","Boys","Elementary","3","1");
INSERT INTO tbl_athlete VALUES("119","HONGHONG, JHUNDIE E.","025","images/default.gif","Boys","Secondary","9","1");
INSERT INTO tbl_athlete VALUES("120","MORTALLA, SHEEN G.","026","images/default.gif","Boys","Secondary","9","1");
INSERT INTO tbl_athlete VALUES("121","NERZA, DANIELA M.","238","images/default.gif","Girls","Elementary","8","1");
INSERT INTO tbl_athlete VALUES("122","WATIMAR, JR.","112","images/default.gif","Boys","Elementary","3","1");
INSERT INTO tbl_athlete VALUES("123","EQUIBAL, ELNICA KC","120","images/default.gif","Girls","Secondary","3","1");
INSERT INTO tbl_athlete VALUES("124","NORICO, FRANCIS KENT D.","027","images/default.gif","Boys","Secondary","9","1");
INSERT INTO tbl_athlete VALUES("125","PIOQUINTO, REYNA JESSA E.","239","images/default.gif","Girls","Elementary","8","1");
INSERT INTO tbl_athlete VALUES("126","TINGKAYAN, JUNREX","113","images/default.gif","Boys","Elementary","3","1");
INSERT INTO tbl_athlete VALUES("127","PIEDAD, QUIELMAR","028","images/default.gif","Boys","Secondary","9","1");
INSERT INTO tbl_athlete VALUES("128","SALVE, JIEZEL J.","240","images/default.gif","Girls","Elementary","8","1");
INSERT INTO tbl_athlete VALUES("129","ABEAR, AIZEL C.","034","images/default.gif","Girls","Secondary","9","1");
INSERT INTO tbl_athlete VALUES("130","RUIZ, DEZZON","029","images/default.gif","Boys","Secondary","9","1");
INSERT INTO tbl_athlete VALUES("131","SALUTAN, RICECELLE JAMES Y.","030","images/default.gif","Boys","Secondary","9","1");
INSERT INTO tbl_athlete VALUES("132","ALCIBAR, JAYSON","114","images/default.gif","Boys","Elementary","3","1");
INSERT INTO tbl_athlete VALUES("133","SUBERE, TRIXIE-ANN C.","241","images/default.gif","Girls","Elementary","8","1");
INSERT INTO tbl_athlete VALUES("134","LAPINID, ERICH C.","035","images/default.gif","Girls","Secondary","9","1");
INSERT INTO tbl_athlete VALUES("135","SAWIT, JAY M.","031","images/default.gif","Boys","Secondary","9","1");
INSERT INTO tbl_athlete VALUES("136","TOROTORO, ANALISA S.","242","images/default.gif","Girls","Elementary","8","1");
INSERT INTO tbl_athlete VALUES("137","TORRES, SPINCER O.","033","images/default.gif","Boys","Secondary","9","1");
INSERT INTO tbl_athlete VALUES("138","NARIT, JOHN PAUL","115","images/default.gif","Boys","Elementary","3","1");
INSERT INTO tbl_athlete VALUES("139","BANDULON, JASMINE C.","235","images/default.gif","Girls","Elementary","8","1");
INSERT INTO tbl_athlete VALUES("140","LECCIONES, KITCHIE M.","036","images/default.gif","Girls","Secondary","9","1");
INSERT INTO tbl_athlete VALUES("141","SOCO, JAMES C.","032","images/default.gif","Boys","Secondary","9","1");
INSERT INTO tbl_athlete VALUES("142","GA, ROJIM","116","images/default.gif","Boys","Elementary","3","1");
INSERT INTO tbl_athlete VALUES("143","LLEGUE, KIMBERLY C.","037","images/default.gif","Girls","Secondary","9","1");
INSERT INTO tbl_athlete VALUES("144","NAMOC, MARINEL M.","038","images/default.gif","Girls","Secondary","9","1");
INSERT INTO tbl_athlete VALUES("145","ABELLANO, ZYREL JAY D.","193","images/default.gif","Boys","Secondary","5","1");
INSERT INTO tbl_athlete VALUES("146","CANTILADO, PENIEL DONN D.","224","images/default.gif","Boys","Elementary","8","1");
INSERT INTO tbl_athlete VALUES("147","PAGARA, RONILA T.","039","images/default.gif","Girls","Secondary","9","1");
INSERT INTO tbl_athlete VALUES("148","ASAN, JOHN LIESTER S.","194","images/default.gif","Boys","Secondary","5","1");
INSERT INTO tbl_athlete VALUES("149","CABANTOC, MAYH O.","195","images/default.gif","Boys","Secondary","5","1");
INSERT INTO tbl_athlete VALUES("150","EBALE, DINO G.","225","images/default.gif","Boys","Elementary","8","1");
INSERT INTO tbl_athlete VALUES("151","ROVIRA, JASMIEN J.","040","images/default.gif","Girls","Secondary","9","1");
INSERT INTO tbl_athlete VALUES("152","ALVARADO, KRISTHEL FAITH G.","163","images/default.gif","Girls","Elementary","5","1");
INSERT INTO tbl_athlete VALUES("153","DEGUITO, JULIUS D.","196","images/default.gif","Boys","Secondary","5","1");
INSERT INTO tbl_athlete VALUES("154","GUYO, JR O.","197","images/default.gif","Boys","Secondary","5","1");
INSERT INTO tbl_athlete VALUES("155","ARABIS, KYLE P.","164","images/default.gif","Girls","Elementary","5","1");
INSERT INTO tbl_athlete VALUES("156","ESTUYA, KYLE S.","226","images/default.gif","Boys","Elementary","8","1");
INSERT INTO tbl_athlete VALUES("157","LIQUIDO, RICHMUND C.","198","images/default.gif","Boys","Secondary","5","1");
INSERT INTO tbl_athlete VALUES("158","SENINING, CAMILLE GRACE L. ","041","images/default.gif","Girls","Secondary","9","1");
INSERT INTO tbl_athlete VALUES("159","OQUINA, RONNEL E.","199","images/default.gif","Boys","Secondary","5","1");
INSERT INTO tbl_athlete VALUES("160","CAMACHO, JAY-ANNE A.","165","images/default.gif","Girls","Elementary","5","1");
INSERT INTO tbl_athlete VALUES("161","TAPIC, MARY GRACE V.","042","images/default.gif","Girls","Secondary","9","1");
INSERT INTO tbl_athlete VALUES("162","OSIANG, DANIEL S.","200","images/default.gif","Boys","Secondary","5","1");
INSERT INTO tbl_athlete VALUES("163","LULAB, REGEL JR. B.","227","images/default.gif","Boys","Elementary","8","1");
INSERT INTO tbl_athlete VALUES("164","CAMACHO, JENNY A.","166","images/default.gif","Girls","Elementary","5","1");
INSERT INTO tbl_athlete VALUES("165","PANAMBO, RYAN JAMES C.","201","images/default.gif","Boys","Secondary","5","1");
INSERT INTO tbl_athlete VALUES("166","REGIS, JOHN SHERWIN C.","228","images/default.gif","Boys","Elementary","8","1");
INSERT INTO tbl_athlete VALUES("167","VILLARAN, JESSEL E. ","043","images/default.gif","Girls","Secondary","9","1");
INSERT INTO tbl_athlete VALUES("168","PILAPIL, GIBSON JR. D.","202","images/default.gif","Boys","Secondary","5","1");
INSERT INTO tbl_athlete VALUES("169","LAYSON, STEPHANIE","167","images/default.gif","Girls","Elementary","5","1");
INSERT INTO tbl_athlete VALUES("170","SECUAJE, JAMES LEE B.","229","images/default.gif","Boys","Elementary","8","1");
INSERT INTO tbl_athlete VALUES("171","ROQUIETE, RONIEL P.","203","images/default.gif","Boys","Secondary","5","1");
INSERT INTO tbl_athlete VALUES("172","NOYNAY, MARY JEAN G.","168","images/default.gif","Girls","Elementary","5","1");
INSERT INTO tbl_athlete VALUES("173","ARENA, CHRISTAL ANGEL  S.","256","images/default.gif","Girls","Secondary","8","1");
INSERT INTO tbl_athlete VALUES("174","SALOPAN, ANTONIO A.","204","images/default.gif","Boys","Secondary","5","1");
INSERT INTO tbl_athlete VALUES("175","SECUAJE, JAMES NIEL B.","230","images/default.gif","Boys","Elementary","8","1");
INSERT INTO tbl_athlete VALUES("176","SOCAJEL, PATRICK A.","205","images/default.gif","Boys","Secondary","5","1");
INSERT INTO tbl_athlete VALUES("177","ARENA, CHRISTINE MAE S.","257","images/default.gif","Girls","Secondary","8","1");
INSERT INTO tbl_athlete VALUES("178","TADLE JR. , ALVIN","231","images/default.gif","Boys","Elementary","8","1");
INSERT INTO tbl_athlete VALUES("179","VICENTINO, VENCENT B.","206","images/default.gif","Boys","Secondary","5","1");
INSERT INTO tbl_athlete VALUES("180","CUALTEROS, ROSHIEL","258","images/default.gif","Girls","Secondary","8","1");
INSERT INTO tbl_athlete VALUES("181","TAYPA, RICHVIE C.","232","images/default.gif","Boys","Elementary","8","1");
INSERT INTO tbl_athlete VALUES("182","GELLOPO, CHARLES DARWIN ","130","images/default.gif","Boys","Secondary","3","1");
INSERT INTO tbl_athlete VALUES("183","YANAG, JEYSON S.","233","images/default.gif","Boys","Elementary","8","1");
INSERT INTO tbl_athlete VALUES("184","REGUIBO, ALAIZA P.","169","images/default.gif","Girls","Elementary","5","1");
INSERT INTO tbl_athlete VALUES("185","PAGASIAN, DAVE","131","images/default.gif","Boys","Secondary","3","1");
INSERT INTO tbl_athlete VALUES("186","SABALDAN, JEWEL ANNE P.","170","images/default.gif","Girls","Elementary","5","1");
INSERT INTO tbl_athlete VALUES("187","SIBONGA, MARY CATHERINE L.","171","images/default.gif","Girls","Elementary","5","1");
INSERT INTO tbl_athlete VALUES("188","DIALDE, ALMERA","259","images/default.gif","Girls","Secondary","8","1");
INSERT INTO tbl_athlete VALUES("189","SEMENIANO, RAY MARK","132","images/default.gif","Boys","Secondary","3","1");
INSERT INTO tbl_athlete VALUES("190","EBRAO, MAYLENE","260","images/default.gif","Girls","Secondary","8","1");
INSERT INTO tbl_athlete VALUES("191","ANGOB, JAMES DAVE D.","243","images/default.gif","Boys","Secondary","8","1");
INSERT INTO tbl_athlete VALUES("192","LUIB, JESSICA ","261","images/default.gif","Girls","Secondary","8","1");
INSERT INTO tbl_athlete VALUES("193","CABUENAS, KENTH VINCENT G.","244","images/default.gif","Boys","Secondary","8","1");
INSERT INTO tbl_athlete VALUES("194","COYNO, JOSIAH DAVE G.","245","images/default.gif","Boys","Secondary","8","1");
INSERT INTO tbl_athlete VALUES("195","LULAB, JIANA","262","images/default.gif","Girls","Secondary","8","1");
INSERT INTO tbl_athlete VALUES("196","COYNO, LORENZO JR. D. ","246","images/default.gif","Boys","Secondary","8","1");
INSERT INTO tbl_athlete VALUES("197","MEJENO, JENALYN","263","images/default.gif","Girls","Secondary","8","1");
INSERT INTO tbl_athlete VALUES("198","COYNO, MARK DEAN G.","247","images/default.gif","Boys","Secondary","8","1");
INSERT INTO tbl_athlete VALUES("199","CUEVAS, REYWIL CLINT P.","248","images/default.gif","Boys","Secondary","8","1");
INSERT INTO tbl_athlete VALUES("200","OCSO, SHENA","264","images/default.gif","Girls","Secondary","8","1");
INSERT INTO tbl_athlete VALUES("201","DOGMOC, REGIE O.","249","images/default.gif","Boys","Secondary","8","1");
INSERT INTO tbl_athlete VALUES("202","OROPIO, CHARIOTTE FE","265","images/default.gif","Girls","Secondary","8","1");
INSERT INTO tbl_athlete VALUES("203","FABIA, JOHN VINCENT T.","250","images/default.gif","Boys","Secondary","8","1");
INSERT INTO tbl_athlete VALUES("204","GALLARDO, FREGGIE L.","251","images/default.gif","Boys","Secondary","8","1");
INSERT INTO tbl_athlete VALUES("205","GERONGAY, DAVE E. ","252","images/default.gif","Boys","Secondary","8","1");
INSERT INTO tbl_athlete VALUES("206","PATAYON, RAVILYN ","266","images/default.gif","Girls","Secondary","8","1");
INSERT INTO tbl_athlete VALUES("207","LOMARDA, LORNIE L.","253","images/default.gif","Boys","Secondary","8","1");
INSERT INTO tbl_athlete VALUES("208","ALOM, WENDY P.","233","images/default.gif","Girls","Secondary","4","1");
INSERT INTO tbl_athlete VALUES("209","SALVE, JIMMUEL M.","254","images/default.gif","Boys","Secondary","8","1");
INSERT INTO tbl_athlete VALUES("210","CABANING, ANGEL B.","234","images/default.gif","Girls","Secondary","4","1");
INSERT INTO tbl_athlete VALUES("211","SERNA, GELBERT JR. E.","255","images/default.gif","Boys","Secondary","8","1");
INSERT INTO tbl_athlete VALUES("212","EMPON, LANIE MAE M.","235","images/default.gif","Girls","Secondary","4","1");
INSERT INTO tbl_athlete VALUES("213","ABISO, EJEY S. ","172","images/default.gif","Boys","Elementary","5","1");
INSERT INTO tbl_athlete VALUES("214","HABOL, ROCELLA B.","236","images/default.gif","Girls","Secondary","4","1");
INSERT INTO tbl_athlete VALUES("215","LIMBAGO, ANGELICA N.","237","images/default.gif","Girls","Secondary","4","1");
INSERT INTO tbl_athlete VALUES("216","ARLALEJO, MICHAEL JAMES J.","173","images/default.gif","Boys","Elementary","5","1");
INSERT INTO tbl_athlete VALUES("217","LUMBRE, MERLYN L.","238","images/default.gif","Girls","Secondary","4","1");
INSERT INTO tbl_athlete VALUES("218","MANLAPAO, ROWENA G.","239","images/default.gif","Girls","Secondary","4","1");
INSERT INTO tbl_athlete VALUES("219","DABA, ERIC S.","174","images/default.gif","Boys","Elementary","5","1");
INSERT INTO tbl_athlete VALUES("220","OYANGORIN, LAYZA M.","240","images/default.gif","Girls","Secondary","4","1");
INSERT INTO tbl_athlete VALUES("221","SAZON, LEAHNA MAE A.","241","images/default.gif","Girls","Secondary","4","1");
INSERT INTO tbl_athlete VALUES("222","LABUANAN, RICHARD S.","175","images/default.gif","Boys","Elementary","5","1");
INSERT INTO tbl_athlete VALUES("223","SERENIO, ROSELYN  S.","242","images/default.gif","Girls","Secondary","4","1");
INSERT INTO tbl_athlete VALUES("224","RAMOS, L. JEAN O.","176","images/default.gif","Boys","Elementary","5","1");
INSERT INTO tbl_athlete VALUES("225","CORTES, STEPHANIE A.","182","images/default.gif","Girls","Secondary","5","1");
INSERT INTO tbl_athlete VALUES("226","ONGUE, MARC JAY C.","177","images/default.gif","Boys","Elementary","5","1");
INSERT INTO tbl_athlete VALUES("227","SAMORIN, ALLIRA GRACE","183","images/default.gif","Girls","Secondary","5","1");
INSERT INTO tbl_athlete VALUES("228","TABARES, RENIEL J.","178","images/default.gif","Boys","Elementary","5","1");
INSERT INTO tbl_athlete VALUES("229","TUBAT, EMERSON JR. C.","179","images/default.gif","Boys","Elementary","5","1");
INSERT INTO tbl_athlete VALUES("230","OQUINA, CREZEL L.","184","images/default.gif","Girls","Secondary","5","1");
INSERT INTO tbl_athlete VALUES("231","TUYOR, ALDRIEGE B.","180","images/default.gif","Boys","Elementary","5","1");
INSERT INTO tbl_athlete VALUES("232","VASQUEZ, GERZON L.","181","images/default.gif","Boys","Elementary","5","1");
INSERT INTO tbl_athlete VALUES("233","LOPEZ, ELIZABETH E. ","185","images/default.gif","Girls","Secondary","5","1");
INSERT INTO tbl_athlete VALUES("234","SABALDAN, KARYLLE ","186","images/default.gif","Girls","Secondary","5","1");
INSERT INTO tbl_athlete VALUES("235","ADVINCULA, ERICA B.","187","images/default.gif","Girls","Secondary","5","1");
INSERT INTO tbl_athlete VALUES("236","BATADLAN, ANAMARY L. ","188","images/default.gif","Girls","Secondary","5","1");
INSERT INTO tbl_athlete VALUES("237","MATEO, ALEXA MAE C. ","189","images/default.gif","Girls","Secondary","5","1");
INSERT INTO tbl_athlete VALUES("238","NAPUTO, JULIE ANN P.","190","images/default.gif","Girls","Secondary","5","1");
INSERT INTO tbl_athlete VALUES("239","GARIN, JENELYN LL. ","191","images/default.gif","Girls","Secondary","5","1");
INSERT INTO tbl_athlete VALUES("240","SIBLERO","1005","images/default.gif","Boys","Secondary","6","1");
INSERT INTO tbl_athlete VALUES("241","Ariel Torreon","1000","images/default.gif","Boys","Elementary","2","1");
INSERT INTO tbl_athlete VALUES("242","Mark Patric","001","images/default.gif","Boys","Elementary","10","1");
INSERT INTO tbl_athlete VALUES("243","Mark Patric Mendoza","001","upload/tenor.gif","Boys","Elementary","11","1");
INSERT INTO tbl_athlete VALUES("244","Charles Babbage","002","images/default.gif","Boys","Secondary","11","1");



DROP TABLE tbl_athlete_game;

CREATE TABLE `tbl_athlete_game` (
  `id` int(11) NOT NULL AUTO_INCREMENT,
  `game_id` int(11) NOT NULL,
  `a_id` int(11) NOT NULL,
  `coach` varchar(100) NOT NULL,
  PRIMARY KEY (`id`)
) ENGINE=InnoDB AUTO_INCREMENT=887 DEFAULT CHARSET=latin1;

INSERT INTO tbl_athlete_game VALUES("2","26","3","");
INSERT INTO tbl_athlete_game VALUES("3","33","3","");
INSERT INTO tbl_athlete_game VALUES("4","54","2","");
INSERT INTO tbl_athlete_game VALUES("5","58","2","");
INSERT INTO tbl_athlete_game VALUES("6","51","4","");
INSERT INTO tbl_athlete_game VALUES("7","55","4","");
INSERT INTO tbl_athlete_game VALUES("9","59","4","");
INSERT INTO tbl_athlete_game VALUES("12","9","5","");
INSERT INTO tbl_athlete_game VALUES("13","15","5","");
INSERT INTO tbl_athlete_game VALUES("14","7","7","");
INSERT INTO tbl_athlete_game VALUES("15","25","5","");
INSERT INTO tbl_athlete_game VALUES("16","11","7","");
INSERT INTO tbl_athlete_game VALUES("17","13","7","");
INSERT INTO tbl_athlete_game VALUES("18","64","5","");
INSERT INTO tbl_athlete_game VALUES("20","63","4","");
INSERT INTO tbl_athlete_game VALUES("22","67","4","");
INSERT INTO tbl_athlete_game VALUES("23","50","8","065");
INSERT INTO tbl_athlete_game VALUES("24","18","6","");
INSERT INTO tbl_athlete_game VALUES("25","58","8","065");
INSERT INTO tbl_athlete_game VALUES("26","62","8","065");
INSERT INTO tbl_athlete_game VALUES("28","2","10","300");
INSERT INTO tbl_athlete_game VALUES("30","6","10","300");
INSERT INTO tbl_athlete_game VALUES("31","21","9","");
INSERT INTO tbl_athlete_game VALUES("32","10","10","300");
INSERT INTO tbl_athlete_game VALUES("33","60","9","");
INSERT INTO tbl_athlete_game VALUES("34","2","11","301");
INSERT INTO tbl_athlete_game VALUES("35","6","11","301");
INSERT INTO tbl_athlete_game VALUES("36","10","11","301");
INSERT INTO tbl_athlete_game VALUES("37","40","12","");
INSERT INTO tbl_athlete_game VALUES("38","48","12","");
INSERT INTO tbl_athlete_game VALUES("40","49","15","");
INSERT INTO tbl_athlete_game VALUES("42","24","13","");
INSERT INTO tbl_athlete_game VALUES("43","53","15","");
INSERT INTO tbl_athlete_game VALUES("44","57","15","");
INSERT INTO tbl_athlete_game VALUES("45","28","13","");
INSERT INTO tbl_athlete_game VALUES("46","56","12","");
INSERT INTO tbl_athlete_game VALUES("47","64","12","");
INSERT INTO tbl_athlete_game VALUES("48","62","7","");
INSERT INTO tbl_athlete_game VALUES("49","31","13","");
INSERT INTO tbl_athlete_game VALUES("50","61","11","301");
INSERT INTO tbl_athlete_game VALUES("51","60","12","");
INSERT INTO tbl_athlete_game VALUES("52","66","7","");
INSERT INTO tbl_athlete_game VALUES("53","63","13","");
INSERT INTO tbl_athlete_game VALUES("54","65","11","301");
INSERT INTO tbl_athlete_game VALUES("55","67","13","");
INSERT INTO tbl_athlete_game VALUES("56","9","16","");
INSERT INTO tbl_athlete_game VALUES("57","15","16","");
INSERT INTO tbl_athlete_game VALUES("58","23","17","");
INSERT INTO tbl_athlete_game VALUES("59","52","16","");
INSERT INTO tbl_athlete_game VALUES("60","27","17","");
INSERT INTO tbl_athlete_game VALUES("61","42","17","");
INSERT INTO tbl_athlete_game VALUES("62","16","18","");
INSERT INTO tbl_athlete_game VALUES("63","64","16","");
INSERT INTO tbl_athlete_game VALUES("64","18","18","");
INSERT INTO tbl_athlete_game VALUES("65","66","17","");
INSERT INTO tbl_athlete_game VALUES("66","7","19","067");
INSERT INTO tbl_athlete_game VALUES("67","11","19","067");
INSERT INTO tbl_athlete_game VALUES("69","37","20","");
INSERT INTO tbl_athlete_game VALUES("70","20","21","079");
INSERT INTO tbl_athlete_game VALUES("71","41","20","");
INSERT INTO tbl_athlete_game VALUES("72","38","23","");
INSERT INTO tbl_athlete_game VALUES("73","39","21","079");
INSERT INTO tbl_athlete_game VALUES("74","5","22","");
INSERT INTO tbl_athlete_game VALUES("75","43","21","079");
INSERT INTO tbl_athlete_game VALUES("76","42","23","");
INSERT INTO tbl_athlete_game VALUES("77","48","22","");
INSERT INTO tbl_athlete_game VALUES("78","63","21","079");
INSERT INTO tbl_athlete_game VALUES("79","61","20","");
INSERT INTO tbl_athlete_game VALUES("80","23","24","");
INSERT INTO tbl_athlete_game VALUES("81","60","22","");
INSERT INTO tbl_athlete_game VALUES("82","67","21","079");
INSERT INTO tbl_athlete_game VALUES("83","65","20","");
INSERT INTO tbl_athlete_game VALUES("84","27","24","");
INSERT INTO tbl_athlete_game VALUES("85","38","24","");
INSERT INTO tbl_athlete_game VALUES("86","17","25","");
INSERT INTO tbl_athlete_game VALUES("87","51","26","");
INSERT INTO tbl_athlete_game VALUES("91","55","26","");
INSERT INTO tbl_athlete_game VALUES("92","37","27","305");
INSERT INTO tbl_athlete_game VALUES("93","40","25","");
INSERT INTO tbl_athlete_game VALUES("94","41","27","305");
INSERT INTO tbl_athlete_game VALUES("95","36","25","");
INSERT INTO tbl_athlete_game VALUES("96","61","27","305");
INSERT INTO tbl_athlete_game VALUES("97","59","26","");
INSERT INTO tbl_athlete_game VALUES("98","65","27","305");
INSERT INTO tbl_athlete_game VALUES("99","52","28","");
INSERT INTO tbl_athlete_game VALUES("100","3","29","277");
INSERT INTO tbl_athlete_game VALUES("101","53","30","");
INSERT INTO tbl_athlete_game VALUES("102","27","29","277");
INSERT INTO tbl_athlete_game VALUES("103","42","29","277");
INSERT INTO tbl_athlete_game VALUES("104","57","30","");
INSERT INTO tbl_athlete_game VALUES("105","56","28","");
INSERT INTO tbl_athlete_game VALUES("106","14","31","");
INSERT INTO tbl_athlete_game VALUES("107","39","31","");
INSERT INTO tbl_athlete_game VALUES("108","7","32","");
INSERT INTO tbl_athlete_game VALUES("109","34","30","");
INSERT INTO tbl_athlete_game VALUES("110","43","31","");
INSERT INTO tbl_athlete_game VALUES("111","11","32","");
INSERT INTO tbl_athlete_game VALUES("112","23","32","");
INSERT INTO tbl_athlete_game VALUES("114","5","33","");
INSERT INTO tbl_athlete_game VALUES("115","36","33","");
INSERT INTO tbl_athlete_game VALUES("117","4","35","");
INSERT INTO tbl_athlete_game VALUES("118","8","35","");
INSERT INTO tbl_athlete_game VALUES("119","60","33","");
INSERT INTO tbl_athlete_game VALUES("120","64","33","");
INSERT INTO tbl_athlete_game VALUES("121","12","35","");
INSERT INTO tbl_athlete_game VALUES("122","16","37","");
INSERT INTO tbl_athlete_game VALUES("123","63","35","");
INSERT INTO tbl_athlete_game VALUES("124","50","36","");
INSERT INTO tbl_athlete_game VALUES("125","37","37","");
INSERT INTO tbl_athlete_game VALUES("126","41","37","");
INSERT INTO tbl_athlete_game VALUES("127","54","36","");
INSERT INTO tbl_athlete_game VALUES("128","67","35","");
INSERT INTO tbl_athlete_game VALUES("129","58","36","");
INSERT INTO tbl_athlete_game VALUES("130","61","37","");
INSERT INTO tbl_athlete_game VALUES("131","21","38","");
INSERT INTO tbl_athlete_game VALUES("132","25","38","");
INSERT INTO tbl_athlete_game VALUES("133","24","39","083");
INSERT INTO tbl_athlete_game VALUES("134","50","40","");
INSERT INTO tbl_athlete_game VALUES("135","28","39","083");
INSERT INTO tbl_athlete_game VALUES("136","54","40","");
INSERT INTO tbl_athlete_game VALUES("137","31","39","083");
INSERT INTO tbl_athlete_game VALUES("138","58","40","");
INSERT INTO tbl_athlete_game VALUES("139","25","44","");
INSERT INTO tbl_athlete_game VALUES("140","36","44","");
INSERT INTO tbl_athlete_game VALUES("141","40","44","");
INSERT INTO tbl_athlete_game VALUES("142","3","45","");
INSERT INTO tbl_athlete_game VALUES("143","13","45","");
INSERT INTO tbl_athlete_game VALUES("144","38","45","");
INSERT INTO tbl_athlete_game VALUES("145","2","42","");
INSERT INTO tbl_athlete_game VALUES("146","6","42","");
INSERT INTO tbl_athlete_game VALUES("147","10","42","");
INSERT INTO tbl_athlete_game VALUES("149","61","42","");
INSERT INTO tbl_athlete_game VALUES("150","65","42","");
INSERT INTO tbl_athlete_game VALUES("151","14","46","");
INSERT INTO tbl_athlete_game VALUES("152","3","48","");
INSERT INTO tbl_athlete_game VALUES("153","48","47","");
INSERT INTO tbl_athlete_game VALUES("154","7","48","");
INSERT INTO tbl_athlete_game VALUES("155","2","49","");
INSERT INTO tbl_athlete_game VALUES("156","11","48","");
INSERT INTO tbl_athlete_game VALUES("157","6","49","");
INSERT INTO tbl_athlete_game VALUES("158","62","48","");
INSERT INTO tbl_athlete_game VALUES("159","20","46","");
INSERT INTO tbl_athlete_game VALUES("160","52","47","");
INSERT INTO tbl_athlete_game VALUES("161","57","49","");
INSERT INTO tbl_athlete_game VALUES("162","66","48","");
INSERT INTO tbl_athlete_game VALUES("163","61","49","");
INSERT INTO tbl_athlete_game VALUES("164","56","47","");
INSERT INTO tbl_athlete_game VALUES("165","65","49","");
INSERT INTO tbl_athlete_game VALUES("167","1","51","");
INSERT INTO tbl_athlete_game VALUES("170","25","51","");
INSERT INTO tbl_athlete_game VALUES("171","4","53","");
INSERT INTO tbl_athlete_game VALUES("172","13","52","");
INSERT INTO tbl_athlete_game VALUES("173","33","50","");
INSERT INTO tbl_athlete_game VALUES("174","36","51","");
INSERT INTO tbl_athlete_game VALUES("175","38","52","");
INSERT INTO tbl_athlete_game VALUES("176","42","52","");
INSERT INTO tbl_athlete_game VALUES("178","39","53","");
INSERT INTO tbl_athlete_game VALUES("179","5","54","");
INSERT INTO tbl_athlete_game VALUES("180","58","52","");
INSERT INTO tbl_athlete_game VALUES("182","49","55","");
INSERT INTO tbl_athlete_game VALUES("183","43","53","");
INSERT INTO tbl_athlete_game VALUES("184","21","54","");
INSERT INTO tbl_athlete_game VALUES("185","23","56","");
INSERT INTO tbl_athlete_game VALUES("186","27","56","");
INSERT INTO tbl_athlete_game VALUES("187","53","55","");
INSERT INTO tbl_athlete_game VALUES("188","63","53","");
INSERT INTO tbl_athlete_game VALUES("189","66","56","");
INSERT INTO tbl_athlete_game VALUES("190","67","53","");
INSERT INTO tbl_athlete_game VALUES("191","9","54","");
INSERT INTO tbl_athlete_game VALUES("192","1","58","");
INSERT INTO tbl_athlete_game VALUES("193","5","58","");
INSERT INTO tbl_athlete_game VALUES("194","13","59","");
INSERT INTO tbl_athlete_game VALUES("195","4","60","");
INSERT INTO tbl_athlete_game VALUES("196","9","58","");
INSERT INTO tbl_athlete_game VALUES("197","62","59","");
INSERT INTO tbl_athlete_game VALUES("198","8","60","");
INSERT INTO tbl_athlete_game VALUES("199","66","59","");
INSERT INTO tbl_athlete_game VALUES("200","22","57","");
INSERT INTO tbl_athlete_game VALUES("201","12","60","");
INSERT INTO tbl_athlete_game VALUES("202","26","57","");
INSERT INTO tbl_athlete_game VALUES("203","48","61","");
INSERT INTO tbl_athlete_game VALUES("204","52","61","");
INSERT INTO tbl_athlete_game VALUES("205","23","62","");
INSERT INTO tbl_athlete_game VALUES("206","63","60","");
INSERT INTO tbl_athlete_game VALUES("207","27","62","");
INSERT INTO tbl_athlete_game VALUES("208","67","60","");
INSERT INTO tbl_athlete_game VALUES("209","56","61","");
INSERT INTO tbl_athlete_game VALUES("210","66","62","");
INSERT INTO tbl_athlete_game VALUES("211","11","64","");
INSERT INTO tbl_athlete_game VALUES("212","22","63","");
INSERT INTO tbl_athlete_game VALUES("213","62","64","");
INSERT INTO tbl_athlete_game VALUES("214","32","63","");
INSERT INTO tbl_athlete_game VALUES("215","33","63","");
INSERT INTO tbl_athlete_game VALUES("216","51","65","");
INSERT INTO tbl_athlete_game VALUES("217","65","63","");
INSERT INTO tbl_athlete_game VALUES("218","3","66","");
INSERT INTO tbl_athlete_game VALUES("219","55","65","");
INSERT INTO tbl_athlete_game VALUES("220","7","66","");
INSERT INTO tbl_athlete_game VALUES("221","59","65","");
INSERT INTO tbl_athlete_game VALUES("222","62","66","");
INSERT INTO tbl_athlete_game VALUES("223","63","65","");
INSERT INTO tbl_athlete_game VALUES("224","49","68","219");
INSERT INTO tbl_athlete_game VALUES("225","53","68","219");
INSERT INTO tbl_athlete_game VALUES("226","67","65","");
INSERT INTO tbl_athlete_game VALUES("227","57","68","219");
INSERT INTO tbl_athlete_game VALUES("228","38","69","");
INSERT INTO tbl_athlete_game VALUES("229","6","70","");
INSERT INTO tbl_athlete_game VALUES("230","10","70","");
INSERT INTO tbl_athlete_game VALUES("233","61","70","");
INSERT INTO tbl_athlete_game VALUES("235","50","71","");
INSERT INTO tbl_athlete_game VALUES("236","54","71","");
INSERT INTO tbl_athlete_game VALUES("237","58","71","");
INSERT INTO tbl_athlete_game VALUES("238","65","70","");
INSERT INTO tbl_athlete_game VALUES("239","1","72","");
INSERT INTO tbl_athlete_game VALUES("240","51","73","");
INSERT INTO tbl_athlete_game VALUES("241","55","73","");
INSERT INTO tbl_athlete_game VALUES("242","50","75","");
INSERT INTO tbl_athlete_game VALUES("243","59","73","");
INSERT INTO tbl_athlete_game VALUES("244","49","74","");
INSERT INTO tbl_athlete_game VALUES("245","54","75","");
INSERT INTO tbl_athlete_game VALUES("246","21","76","");
INSERT INTO tbl_athlete_game VALUES("247","53","74","");
INSERT INTO tbl_athlete_game VALUES("248","57","74","");
INSERT INTO tbl_athlete_game VALUES("249","25","76","");
INSERT INTO tbl_athlete_game VALUES("250","36","76","");
INSERT INTO tbl_athlete_game VALUES("251","60","76","");
INSERT INTO tbl_athlete_game VALUES("252","39","77","");
INSERT INTO tbl_athlete_game VALUES("253","6","79","");
INSERT INTO tbl_athlete_game VALUES("254","64","76","");
INSERT INTO tbl_athlete_game VALUES("255","43","77","");
INSERT INTO tbl_athlete_game VALUES("256","16","79","");
INSERT INTO tbl_athlete_game VALUES("257","41","79","");
INSERT INTO tbl_athlete_game VALUES("259","61","79","");
INSERT INTO tbl_athlete_game VALUES("260","63","77","");
INSERT INTO tbl_athlete_game VALUES("261","38","80","");
INSERT INTO tbl_athlete_game VALUES("262","65","79","");
INSERT INTO tbl_athlete_game VALUES("263","58","80","");
INSERT INTO tbl_athlete_game VALUES("265","67","77","");
INSERT INTO tbl_athlete_game VALUES("266","3","83","");
INSERT INTO tbl_athlete_game VALUES("267","60","81","");
INSERT INTO tbl_athlete_game VALUES("268","38","83","");
INSERT INTO tbl_athlete_game VALUES("269","64","81","");
INSERT INTO tbl_athlete_game VALUES("270","18","82","");
INSERT INTO tbl_athlete_game VALUES("271","22","82","");
INSERT INTO tbl_athlete_game VALUES("272","58","83","");
INSERT INTO tbl_athlete_game VALUES("273","26","82","");
INSERT INTO tbl_athlete_game VALUES("274","61","82","");
INSERT INTO tbl_athlete_game VALUES("275","65","82","");
INSERT INTO tbl_athlete_game VALUES("276","38","85","");
INSERT INTO tbl_athlete_game VALUES("278","42","85","");
INSERT INTO tbl_athlete_game VALUES("279","58","85","");
INSERT INTO tbl_athlete_game VALUES("280","52","84","");
INSERT INTO tbl_athlete_game VALUES("281","2","86","");
INSERT INTO tbl_athlete_game VALUES("282","28","87","");
INSERT INTO tbl_athlete_game VALUES("283","10","86","");
INSERT INTO tbl_athlete_game VALUES("285","50","88","227");
INSERT INTO tbl_athlete_game VALUES("286","31","87","");
INSERT INTO tbl_athlete_game VALUES("287","54","88","227");
INSERT INTO tbl_athlete_game VALUES("289","56","84","");
INSERT INTO tbl_athlete_game VALUES("290","58","88","227");
INSERT INTO tbl_athlete_game VALUES("291","26","89","225");
INSERT INTO tbl_athlete_game VALUES("292","62","88","227");
INSERT INTO tbl_athlete_game VALUES("293","64","84","");
INSERT INTO tbl_athlete_game VALUES("294","32","89","225");
INSERT INTO tbl_athlete_game VALUES("295","66","88","227");
INSERT INTO tbl_athlete_game VALUES("296","33","89","225");
INSERT INTO tbl_athlete_game VALUES("297","4","90","121");
INSERT INTO tbl_athlete_game VALUES("298","1","92","");
INSERT INTO tbl_athlete_game VALUES("299","38","91","");
INSERT INTO tbl_athlete_game VALUES("300","42","91","");
INSERT INTO tbl_athlete_game VALUES("301","8","90","121");
INSERT INTO tbl_athlete_game VALUES("302","5","92","");
INSERT INTO tbl_athlete_game VALUES("303","39","90","121");
INSERT INTO tbl_athlete_game VALUES("304","60","92","");
INSERT INTO tbl_athlete_game VALUES("307","11","93","");
INSERT INTO tbl_athlete_game VALUES("308","23","93","");
INSERT INTO tbl_athlete_game VALUES("310","62","93","");
INSERT INTO tbl_athlete_game VALUES("311","66","93","");
INSERT INTO tbl_athlete_game VALUES("312","56","94","");
INSERT INTO tbl_athlete_game VALUES("313","3","95","");
INSERT INTO tbl_athlete_game VALUES("315","50","95","");
INSERT INTO tbl_athlete_game VALUES("316","61","57","");
INSERT INTO tbl_athlete_game VALUES("317","28","96","");
INSERT INTO tbl_athlete_game VALUES("318","54","95","");
INSERT INTO tbl_athlete_game VALUES("319","65","57","");
INSERT INTO tbl_athlete_game VALUES("320","31","96","");
INSERT INTO tbl_athlete_game VALUES("321","11","98","");
INSERT INTO tbl_athlete_game VALUES("322","23","98","");
INSERT INTO tbl_athlete_game VALUES("323","16","97","");
INSERT INTO tbl_athlete_game VALUES("324","27","98","");
INSERT INTO tbl_athlete_game VALUES("325","18","97","");
INSERT INTO tbl_athlete_game VALUES("326","62","98","");
INSERT INTO tbl_athlete_game VALUES("327","66","98","");
INSERT INTO tbl_athlete_game VALUES("328","26","100","");
INSERT INTO tbl_athlete_game VALUES("329","33","100","");
INSERT INTO tbl_athlete_game VALUES("330","3","101","");
INSERT INTO tbl_athlete_game VALUES("331","15","99","");
INSERT INTO tbl_athlete_game VALUES("333","51","102","");
INSERT INTO tbl_athlete_game VALUES("334","53","100","");
INSERT INTO tbl_athlete_game VALUES("335","13","101","");
INSERT INTO tbl_athlete_game VALUES("336","36","99","");
INSERT INTO tbl_athlete_game VALUES("337","61","100","");
INSERT INTO tbl_athlete_game VALUES("338","59","102","");
INSERT INTO tbl_athlete_game VALUES("339","65","100","");
INSERT INTO tbl_athlete_game VALUES("340","40","99","");
INSERT INTO tbl_athlete_game VALUES("342","66","101","");
INSERT INTO tbl_athlete_game VALUES("343","51","103","");
INSERT INTO tbl_athlete_game VALUES("344","55","103","");
INSERT INTO tbl_athlete_game VALUES("345","9","104","");
INSERT INTO tbl_athlete_game VALUES("346","59","103","");
INSERT INTO tbl_athlete_game VALUES("347","21","104","");
INSERT INTO tbl_athlete_game VALUES("348","27","106","");
INSERT INTO tbl_athlete_game VALUES("349","25","104","");
INSERT INTO tbl_athlete_game VALUES("350","60","104","");
INSERT INTO tbl_athlete_game VALUES("351","3","108","");
INSERT INTO tbl_athlete_game VALUES("352","64","104","");
INSERT INTO tbl_athlete_game VALUES("354","10","109","");
INSERT INTO tbl_athlete_game VALUES("355","16","109","");
INSERT INTO tbl_athlete_game VALUES("356","61","109","");
INSERT INTO tbl_athlete_game VALUES("357","4","111","");
INSERT INTO tbl_athlete_game VALUES("358","5","110","");
INSERT INTO tbl_athlete_game VALUES("359","8","111","");
INSERT INTO tbl_athlete_game VALUES("360","9","110","");
INSERT INTO tbl_athlete_game VALUES("361","21","110","");
INSERT INTO tbl_athlete_game VALUES("364","60","110","");
INSERT INTO tbl_athlete_game VALUES("366","39","111","");
INSERT INTO tbl_athlete_game VALUES("367","49","112","");
INSERT INTO tbl_athlete_game VALUES("368","1","113","110");
INSERT INTO tbl_athlete_game VALUES("369","53","112","");
INSERT INTO tbl_athlete_game VALUES("370","60","113","110");
INSERT INTO tbl_athlete_game VALUES("371","7","108","");
INSERT INTO tbl_athlete_game VALUES("372","50","108","");
INSERT INTO tbl_athlete_game VALUES("373","24","114","");
INSERT INTO tbl_athlete_game VALUES("374","49","115","");
INSERT INTO tbl_athlete_game VALUES("375","65","115","");
INSERT INTO tbl_athlete_game VALUES("376","64","113","110");
INSERT INTO tbl_athlete_game VALUES("377","53","116","024");
INSERT INTO tbl_athlete_game VALUES("378","57","116","024");
INSERT INTO tbl_athlete_game VALUES("379","63","114","");
INSERT INTO tbl_athlete_game VALUES("380","9","118","");
INSERT INTO tbl_athlete_game VALUES("382","16","119","");
INSERT INTO tbl_athlete_game VALUES("383","67","114","");
INSERT INTO tbl_athlete_game VALUES("384","48","118","");
INSERT INTO tbl_athlete_game VALUES("387","37","119","");
INSERT INTO tbl_athlete_game VALUES("388","52","118","");
INSERT INTO tbl_athlete_game VALUES("390","65","119","");
INSERT INTO tbl_athlete_game VALUES("391","41","120","");
INSERT INTO tbl_athlete_game VALUES("392","11","121","");
INSERT INTO tbl_athlete_game VALUES("393","50","121","");
INSERT INTO tbl_athlete_game VALUES("394","12","123","");
INSERT INTO tbl_athlete_game VALUES("395","24","123","");
INSERT INTO tbl_athlete_game VALUES("396","6","124","");
INSERT INTO tbl_athlete_game VALUES("397","63","123","");
INSERT INTO tbl_athlete_game VALUES("398","52","122","");
INSERT INTO tbl_athlete_game VALUES("399","56","122","");
INSERT INTO tbl_athlete_game VALUES("400","67","123","");
INSERT INTO tbl_athlete_game VALUES("401","18","124","");
INSERT INTO tbl_athlete_game VALUES("402","42","125","");
INSERT INTO tbl_athlete_game VALUES("403","37","124","");
INSERT INTO tbl_athlete_game VALUES("404","61","124","");
INSERT INTO tbl_athlete_game VALUES("405","54","125","");
INSERT INTO tbl_athlete_game VALUES("406","58","125","");
INSERT INTO tbl_athlete_game VALUES("407","22","127","");
INSERT INTO tbl_athlete_game VALUES("408","5","126","");
INSERT INTO tbl_athlete_game VALUES("409","26","127","");
INSERT INTO tbl_athlete_game VALUES("410","65","127","");
INSERT INTO tbl_athlete_game VALUES("411","3","128","");
INSERT INTO tbl_athlete_game VALUES("412","36","126","");
INSERT INTO tbl_athlete_game VALUES("413","8","129","");
INSERT INTO tbl_athlete_game VALUES("414","12","129","");
INSERT INTO tbl_athlete_game VALUES("415","19","128","");
INSERT INTO tbl_athlete_game VALUES("416","64","126","");
INSERT INTO tbl_athlete_game VALUES("417","41","130","");
INSERT INTO tbl_athlete_game VALUES("418","31","129","");
INSERT INTO tbl_athlete_game VALUES("419","62","128","");
INSERT INTO tbl_athlete_game VALUES("420","66","128","");
INSERT INTO tbl_athlete_game VALUES("421","67","129","");
INSERT INTO tbl_athlete_game VALUES("422","32","131","");
INSERT INTO tbl_athlete_game VALUES("423","33","131","");
INSERT INTO tbl_athlete_game VALUES("424","57","131","");
INSERT INTO tbl_athlete_game VALUES("425","23","133","");
INSERT INTO tbl_athlete_game VALUES("426","54","133","");
INSERT INTO tbl_athlete_game VALUES("427","58","133","");
INSERT INTO tbl_athlete_game VALUES("428","36","132","");
INSERT INTO tbl_athlete_game VALUES("429","32","135","");
INSERT INTO tbl_athlete_game VALUES("430","14","134","");
INSERT INTO tbl_athlete_game VALUES("431","48","132","");
INSERT INTO tbl_athlete_game VALUES("432","33","135","");
INSERT INTO tbl_athlete_game VALUES("433","39","134","");
INSERT INTO tbl_athlete_game VALUES("435","43","134","");
INSERT INTO tbl_athlete_game VALUES("436","56","132","");
INSERT INTO tbl_athlete_game VALUES("437","63","134","");
INSERT INTO tbl_athlete_game VALUES("438","7","136","");
INSERT INTO tbl_athlete_game VALUES("439","13","136","");
INSERT INTO tbl_athlete_game VALUES("440","19","136","");
INSERT INTO tbl_athlete_game VALUES("441","2","137","");
INSERT INTO tbl_athlete_game VALUES("442","62","136","");
INSERT INTO tbl_athlete_game VALUES("443","10","137","");
INSERT INTO tbl_athlete_game VALUES("444","66","136","");
INSERT INTO tbl_athlete_game VALUES("445","22","137","");
INSERT INTO tbl_athlete_game VALUES("446","1","138","");
INSERT INTO tbl_athlete_game VALUES("447","26","137","");
INSERT INTO tbl_athlete_game VALUES("449","60","138","");
INSERT INTO tbl_athlete_game VALUES("450","11","139","");
INSERT INTO tbl_athlete_game VALUES("451","55","140","");
INSERT INTO tbl_athlete_game VALUES("452","64","138","");
INSERT INTO tbl_athlete_game VALUES("453","13","139","");
INSERT INTO tbl_athlete_game VALUES("454","59","140","");
INSERT INTO tbl_athlete_game VALUES("456","63","140","");
INSERT INTO tbl_athlete_game VALUES("457","32","141","");
INSERT INTO tbl_athlete_game VALUES("460","62","139","");
INSERT INTO tbl_athlete_game VALUES("461","21","142","");
INSERT INTO tbl_athlete_game VALUES("463","66","139","");
INSERT INTO tbl_athlete_game VALUES("464","25","142","");
INSERT INTO tbl_athlete_game VALUES("465","8","143","");
INSERT INTO tbl_athlete_game VALUES("466","60","142","");
INSERT INTO tbl_athlete_game VALUES("467","63","143","");
INSERT INTO tbl_athlete_game VALUES("468","64","142","");
INSERT INTO tbl_athlete_game VALUES("469","12","144","");
INSERT INTO tbl_athlete_game VALUES("471","24","144","");
INSERT INTO tbl_athlete_game VALUES("472","67","144","");
INSERT INTO tbl_athlete_game VALUES("473","34","145","");
INSERT INTO tbl_athlete_game VALUES("474","57","145","");
INSERT INTO tbl_athlete_game VALUES("476","48","146","");
INSERT INTO tbl_athlete_game VALUES("478","52","146","");
INSERT INTO tbl_athlete_game VALUES("479","53","148","194");
INSERT INTO tbl_athlete_game VALUES("480","4","147","");
INSERT INTO tbl_athlete_game VALUES("481","20","147","");
INSERT INTO tbl_athlete_game VALUES("482","39","147","");
INSERT INTO tbl_athlete_game VALUES("483","6","149","");
INSERT INTO tbl_athlete_game VALUES("484","10","149","");
INSERT INTO tbl_athlete_game VALUES("485","67","147","");
INSERT INTO tbl_athlete_game VALUES("486","22","149","");
INSERT INTO tbl_athlete_game VALUES("488","48","150","");
INSERT INTO tbl_athlete_game VALUES("489","51","151","");
INSERT INTO tbl_athlete_game VALUES("490","52","150","");
INSERT INTO tbl_athlete_game VALUES("492","34","153","");
INSERT INTO tbl_athlete_game VALUES("493","55","151","");
INSERT INTO tbl_athlete_game VALUES("494","56","150","");
INSERT INTO tbl_athlete_game VALUES("495","13","152","");
INSERT INTO tbl_athlete_game VALUES("496","49","153","");
INSERT INTO tbl_athlete_game VALUES("497","63","151","");
INSERT INTO tbl_athlete_game VALUES("498","38","152","");
INSERT INTO tbl_athlete_game VALUES("499","60","150","");
INSERT INTO tbl_athlete_game VALUES("500","4","151","");
INSERT INTO tbl_athlete_game VALUES("501","62","152","");
INSERT INTO tbl_athlete_game VALUES("502","16","154","");
INSERT INTO tbl_athlete_game VALUES("503","18","154","");
INSERT INTO tbl_athlete_game VALUES("504","64","150","");
INSERT INTO tbl_athlete_game VALUES("505","37","154","");
INSERT INTO tbl_athlete_game VALUES("506","65","154","");
INSERT INTO tbl_athlete_game VALUES("507","13","155","");
INSERT INTO tbl_athlete_game VALUES("508","38","155","");
INSERT INTO tbl_athlete_game VALUES("509","5","156","");
INSERT INTO tbl_athlete_game VALUES("510","33","157","");
INSERT INTO tbl_athlete_game VALUES("511","28","158","");
INSERT INTO tbl_athlete_game VALUES("512","66","155","");
INSERT INTO tbl_athlete_game VALUES("513","40","156","");
INSERT INTO tbl_athlete_game VALUES("514","37","157","");
INSERT INTO tbl_athlete_game VALUES("515","31","158","");
INSERT INTO tbl_athlete_game VALUES("516","43","158","");
INSERT INTO tbl_athlete_game VALUES("517","56","156","");
INSERT INTO tbl_athlete_game VALUES("518","16","159","");
INSERT INTO tbl_athlete_game VALUES("520","53","159","");
INSERT INTO tbl_athlete_game VALUES("521","60","156","");
INSERT INTO tbl_athlete_game VALUES("522","50","160","");
INSERT INTO tbl_athlete_game VALUES("524","64","156","");
INSERT INTO tbl_athlete_game VALUES("525","54","160","");
INSERT INTO tbl_athlete_game VALUES("526","14","161","");
INSERT INTO tbl_athlete_game VALUES("527","6","162","");
INSERT INTO tbl_athlete_game VALUES("529","18","162","");
INSERT INTO tbl_athlete_game VALUES("530","41","162","");
INSERT INTO tbl_athlete_game VALUES("531","5","163","");
INSERT INTO tbl_athlete_game VALUES("532","28","161","");
INSERT INTO tbl_athlete_game VALUES("533","58","164","");
INSERT INTO tbl_athlete_game VALUES("534","67","161","");
INSERT INTO tbl_athlete_game VALUES("535","22","165","");
INSERT INTO tbl_athlete_game VALUES("536","26","165","");
INSERT INTO tbl_athlete_game VALUES("537","27","164","");
INSERT INTO tbl_athlete_game VALUES("538","66","164","");
INSERT INTO tbl_athlete_game VALUES("539","57","165","");
INSERT INTO tbl_athlete_game VALUES("540","36","166","228");
INSERT INTO tbl_athlete_game VALUES("541","65","165","");
INSERT INTO tbl_athlete_game VALUES("544","11","169","167");
INSERT INTO tbl_athlete_game VALUES("545","59","167","");
INSERT INTO tbl_athlete_game VALUES("546","27","169","167");
INSERT INTO tbl_athlete_game VALUES("547","41","168","202");
INSERT INTO tbl_athlete_game VALUES("548","51","167","");
INSERT INTO tbl_athlete_game VALUES("549","66","169","167");
INSERT INTO tbl_athlete_game VALUES("550","2","171","");
INSERT INTO tbl_athlete_game VALUES("551","9","170","");
INSERT INTO tbl_athlete_game VALUES("553","21","170","");
INSERT INTO tbl_athlete_game VALUES("554","49","171","");
INSERT INTO tbl_athlete_game VALUES("555","11","172","");
INSERT INTO tbl_athlete_game VALUES("556","61","171","");
INSERT INTO tbl_athlete_game VALUES("557","42","172","");
INSERT INTO tbl_athlete_game VALUES("558","51","173","");
INSERT INTO tbl_athlete_game VALUES("559","62","172","");
INSERT INTO tbl_athlete_game VALUES("560","55","173","");
INSERT INTO tbl_athlete_game VALUES("561","10","174","");
INSERT INTO tbl_athlete_game VALUES("562","59","173","");
INSERT INTO tbl_athlete_game VALUES("564","65","174","");
INSERT INTO tbl_athlete_game VALUES("565","9","175","");
INSERT INTO tbl_athlete_game VALUES("566","21","175","");
INSERT INTO tbl_athlete_game VALUES("567","2","176","");
INSERT INTO tbl_athlete_game VALUES("568","61","176","");
INSERT INTO tbl_athlete_game VALUES("569","3","78","");
INSERT INTO tbl_athlete_game VALUES("570","39","177","257");
INSERT INTO tbl_athlete_game VALUES("571","42","78","");
INSERT INTO tbl_athlete_game VALUES("572","43","177","257");
INSERT INTO tbl_athlete_game VALUES("573","50","78","");
INSERT INTO tbl_athlete_game VALUES("574","26","179","");
INSERT INTO tbl_athlete_game VALUES("575","1","178","");
INSERT INTO tbl_athlete_game VALUES("576","63","177","257");
INSERT INTO tbl_athlete_game VALUES("577","15","178","");
INSERT INTO tbl_athlete_game VALUES("578","7","80","");
INSERT INTO tbl_athlete_game VALUES("579","33","179","");
INSERT INTO tbl_athlete_game VALUES("580","17","178","");
INSERT INTO tbl_athlete_game VALUES("581","60","178","");
INSERT INTO tbl_athlete_game VALUES("582","64","178","");
INSERT INTO tbl_athlete_game VALUES("583","2","105","");
INSERT INTO tbl_athlete_game VALUES("584","37","105","");
INSERT INTO tbl_athlete_game VALUES("585","57","105","");
INSERT INTO tbl_athlete_game VALUES("586","61","105","");
INSERT INTO tbl_athlete_game VALUES("587","36","181","232");
INSERT INTO tbl_athlete_game VALUES("588","40","181","232");
INSERT INTO tbl_athlete_game VALUES("589","10","182","");
INSERT INTO tbl_athlete_game VALUES("590","22","182","");
INSERT INTO tbl_athlete_game VALUES("591","1","183","");
INSERT INTO tbl_athlete_game VALUES("592","53","182","");
INSERT INTO tbl_athlete_game VALUES("593","61","182","");
INSERT INTO tbl_athlete_game VALUES("594","50","184","");
INSERT INTO tbl_athlete_game VALUES("595","8","180","");
INSERT INTO tbl_athlete_game VALUES("596","15","183","");
INSERT INTO tbl_athlete_game VALUES("597","54","184","");
INSERT INTO tbl_athlete_game VALUES("598","17","183","");
INSERT INTO tbl_athlete_game VALUES("599","66","184","");
INSERT INTO tbl_athlete_game VALUES("600","2","185","");
INSERT INTO tbl_athlete_game VALUES("601","60","183","");
INSERT INTO tbl_athlete_game VALUES("603","64","183","");
INSERT INTO tbl_athlete_game VALUES("605","7","186","");
INSERT INTO tbl_athlete_game VALUES("606","23","186","");
INSERT INTO tbl_athlete_game VALUES("607","67","180","");
INSERT INTO tbl_athlete_game VALUES("608","62","186","");
INSERT INTO tbl_athlete_game VALUES("609","6","185","");
INSERT INTO tbl_athlete_game VALUES("610","7","187","");
INSERT INTO tbl_athlete_game VALUES("611","42","187","");
INSERT INTO tbl_athlete_game VALUES("612","62","187","");
INSERT INTO tbl_athlete_game VALUES("613","37","185","");
INSERT INTO tbl_athlete_game VALUES("614","61","185","");
INSERT INTO tbl_athlete_game VALUES("615","51","188","");
INSERT INTO tbl_athlete_game VALUES("616","55","188","");
INSERT INTO tbl_athlete_game VALUES("617","6","189","");
INSERT INTO tbl_athlete_game VALUES("618","2","189","");
INSERT INTO tbl_athlete_game VALUES("619","59","188","");
INSERT INTO tbl_athlete_game VALUES("620","18","189","");
INSERT INTO tbl_athlete_game VALUES("621","61","189","");
INSERT INTO tbl_athlete_game VALUES("623","67","190","");
INSERT INTO tbl_athlete_game VALUES("624","16","191","");
INSERT INTO tbl_athlete_game VALUES("625","61","191","");
INSERT INTO tbl_athlete_game VALUES("626","4","192","");
INSERT INTO tbl_athlete_game VALUES("627","49","193","");
INSERT INTO tbl_athlete_game VALUES("628","8","192","");
INSERT INTO tbl_athlete_game VALUES("629","53","193","");
INSERT INTO tbl_athlete_game VALUES("631","57","193","");
INSERT INTO tbl_athlete_game VALUES("632","63","192","");
INSERT INTO tbl_athlete_game VALUES("633","41","194","");
INSERT INTO tbl_athlete_game VALUES("634","12","195","");
INSERT INTO tbl_athlete_game VALUES("636","24","195","");
INSERT INTO tbl_athlete_game VALUES("637","2","196","");
INSERT INTO tbl_athlete_game VALUES("638","67","195","");
INSERT INTO tbl_athlete_game VALUES("639","6","196","");
INSERT INTO tbl_athlete_game VALUES("641","28","197","");
INSERT INTO tbl_athlete_game VALUES("642","31","197","");
INSERT INTO tbl_athlete_game VALUES("643","37","198","");
INSERT INTO tbl_athlete_game VALUES("646","10","199","");
INSERT INTO tbl_athlete_game VALUES("647","14","200","");
INSERT INTO tbl_athlete_game VALUES("648","16","199","");
INSERT INTO tbl_athlete_game VALUES("649","28","200","");
INSERT INTO tbl_athlete_game VALUES("650","2","201","");
INSERT INTO tbl_athlete_game VALUES("652","6","201","");
INSERT INTO tbl_athlete_game VALUES("653","61","201","");
INSERT INTO tbl_athlete_game VALUES("654","14","202","");
INSERT INTO tbl_athlete_game VALUES("655","18","203","");
INSERT INTO tbl_athlete_game VALUES("656","57","203","");
INSERT INTO tbl_athlete_game VALUES("658","32","204","");
INSERT INTO tbl_athlete_game VALUES("659","33","204","");
INSERT INTO tbl_athlete_game VALUES("660","65","204","");
INSERT INTO tbl_athlete_game VALUES("662","37","205","");
INSERT INTO tbl_athlete_game VALUES("663","49","205","");
INSERT INTO tbl_athlete_game VALUES("664","12","206","");
INSERT INTO tbl_athlete_game VALUES("665","53","205","");
INSERT INTO tbl_athlete_game VALUES("666","61","205","");
INSERT INTO tbl_athlete_game VALUES("667","39","206","");
INSERT INTO tbl_athlete_game VALUES("668","43","206","");
INSERT INTO tbl_athlete_game VALUES("669","63","206","");
INSERT INTO tbl_athlete_game VALUES("670","32","207","");
INSERT INTO tbl_athlete_game VALUES("671","33","207","");
INSERT INTO tbl_athlete_game VALUES("672","65","207","");
INSERT INTO tbl_athlete_game VALUES("673","31","208","");
INSERT INTO tbl_athlete_game VALUES("674","10","209","");
INSERT INTO tbl_athlete_game VALUES("675","22","209","");
INSERT INTO tbl_athlete_game VALUES("676","4","210","");
INSERT INTO tbl_athlete_game VALUES("677","65","209","");
INSERT INTO tbl_athlete_game VALUES("678","8","210","");
INSERT INTO tbl_athlete_game VALUES("679","39","210","");
INSERT INTO tbl_athlete_game VALUES("680","63","210","");
INSERT INTO tbl_athlete_game VALUES("681","22","211","");
INSERT INTO tbl_athlete_game VALUES("682","67","210","");
INSERT INTO tbl_athlete_game VALUES("683","65","211","");
INSERT INTO tbl_athlete_game VALUES("684","51","212","");
INSERT INTO tbl_athlete_game VALUES("685","55","212","");
INSERT INTO tbl_athlete_game VALUES("686","59","212","");
INSERT INTO tbl_athlete_game VALUES("688","15","213","");
INSERT INTO tbl_athlete_game VALUES("689","39","214","");
INSERT INTO tbl_athlete_game VALUES("690","48","213","");
INSERT INTO tbl_athlete_game VALUES("691","28","215","");
INSERT INTO tbl_athlete_game VALUES("692","31","215","");
INSERT INTO tbl_athlete_game VALUES("693","43","215","");
INSERT INTO tbl_athlete_game VALUES("694","51","217","");
INSERT INTO tbl_athlete_game VALUES("695","48","216","");
INSERT INTO tbl_athlete_game VALUES("696","55","217","");
INSERT INTO tbl_athlete_game VALUES("697","52","216","");
INSERT INTO tbl_athlete_game VALUES("698","59","217","");
INSERT INTO tbl_athlete_game VALUES("699","28","218","");
INSERT INTO tbl_athlete_game VALUES("700","52","219","");
INSERT INTO tbl_athlete_game VALUES("701","56","219","");
INSERT INTO tbl_athlete_game VALUES("702","25","219","");
INSERT INTO tbl_athlete_game VALUES("703","4","220","");
INSERT INTO tbl_athlete_game VALUES("704","8","220","");
INSERT INTO tbl_athlete_game VALUES("706","63","220","");
INSERT INTO tbl_athlete_game VALUES("707","67","220","");
INSERT INTO tbl_athlete_game VALUES("708","24","221","");
INSERT INTO tbl_athlete_game VALUES("709","63","221","");
INSERT INTO tbl_athlete_game VALUES("711","67","221","");
INSERT INTO tbl_athlete_game VALUES("712","1","222","");
INSERT INTO tbl_athlete_game VALUES("713","36","222","");
INSERT INTO tbl_athlete_game VALUES("714","40","222","");
INSERT INTO tbl_athlete_game VALUES("715","12","223","");
INSERT INTO tbl_athlete_game VALUES("716","56","222","");
INSERT INTO tbl_athlete_game VALUES("717","24","223","");
INSERT INTO tbl_athlete_game VALUES("718","43","223","");
INSERT INTO tbl_athlete_game VALUES("719","63","223","");
INSERT INTO tbl_athlete_game VALUES("720","1","224","");
INSERT INTO tbl_athlete_game VALUES("721","67","223","");
INSERT INTO tbl_athlete_game VALUES("722","40","224","");
INSERT INTO tbl_athlete_game VALUES("723","60","224","");
INSERT INTO tbl_athlete_game VALUES("724","64","224","");
INSERT INTO tbl_athlete_game VALUES("725","35","225","");
INSERT INTO tbl_athlete_game VALUES("726","43","225","");
INSERT INTO tbl_athlete_game VALUES("727","9","226","");
INSERT INTO tbl_athlete_game VALUES("728","51","225","");
INSERT INTO tbl_athlete_game VALUES("729","64","226","");
INSERT INTO tbl_athlete_game VALUES("730","14","227","");
INSERT INTO tbl_athlete_game VALUES("731","15","228","");
INSERT INTO tbl_athlete_game VALUES("732","21","228","");
INSERT INTO tbl_athlete_game VALUES("736","59","227","");
INSERT INTO tbl_athlete_game VALUES("737","9","229","");
INSERT INTO tbl_athlete_game VALUES("738","60","229","");
INSERT INTO tbl_athlete_game VALUES("740","5","231","180");
INSERT INTO tbl_athlete_game VALUES("741","12","230","");
INSERT INTO tbl_athlete_game VALUES("742","21","231","180");
INSERT INTO tbl_athlete_game VALUES("743","14","230","");
INSERT INTO tbl_athlete_game VALUES("744","60","231","180");
INSERT INTO tbl_athlete_game VALUES("746","59","230","");
INSERT INTO tbl_athlete_game VALUES("747","5","232","181");
INSERT INTO tbl_athlete_game VALUES("749","36","232","181");
INSERT INTO tbl_athlete_game VALUES("750","60","232","181");
INSERT INTO tbl_athlete_game VALUES("751","64","232","181");
INSERT INTO tbl_athlete_game VALUES("752","31","233","");
INSERT INTO tbl_athlete_game VALUES("753","39","233","");
INSERT INTO tbl_athlete_game VALUES("754","67","233","");
INSERT INTO tbl_athlete_game VALUES("755","12","234","");
INSERT INTO tbl_athlete_game VALUES("756","20","234","");
INSERT INTO tbl_athlete_game VALUES("757","24","234","");
INSERT INTO tbl_athlete_game VALUES("759","4","235","");
INSERT INTO tbl_athlete_game VALUES("760","8","235","");
INSERT INTO tbl_athlete_game VALUES("762","63","235","");
INSERT INTO tbl_athlete_game VALUES("764","8","236","");
INSERT INTO tbl_athlete_game VALUES("765","20","236","");
INSERT INTO tbl_athlete_game VALUES("767","67","236","");
INSERT INTO tbl_athlete_game VALUES("768","55","237","");
INSERT INTO tbl_athlete_game VALUES("770","24","238","");
INSERT INTO tbl_athlete_game VALUES("771","28","238","");
INSERT INTO tbl_athlete_game VALUES("772","51","238","");
INSERT INTO tbl_athlete_game VALUES("773","4","239","");
INSERT INTO tbl_athlete_game VALUES("774","63","239","");
INSERT INTO tbl_athlete_game VALUES("776","38","121","");
INSERT INTO tbl_athlete_game VALUES("777","23","117","");
INSERT INTO tbl_athlete_game VALUES("778","27","117","");
INSERT INTO tbl_athlete_game VALUES("779","38","117","");
INSERT INTO tbl_athlete_game VALUES("780","3","186","");
INSERT INTO tbl_athlete_game VALUES("783","12","107","");
INSERT INTO tbl_athlete_game VALUES("784","63","107","");
INSERT INTO tbl_athlete_game VALUES("785","67","107","");
INSERT INTO tbl_athlete_game VALUES("786","34","50","");
INSERT INTO tbl_athlete_game VALUES("788","7","93","");
INSERT INTO tbl_athlete_game VALUES("789","3","2","");
INSERT INTO tbl_athlete_game VALUES("790","3","8","065");
INSERT INTO tbl_athlete_game VALUES("791","1","33","");
INSERT INTO tbl_athlete_game VALUES("792","3","172","");
INSERT INTO tbl_athlete_game VALUES("793","1","9","");
INSERT INTO tbl_athlete_game VALUES("794","39","237","");
INSERT INTO tbl_athlete_game VALUES("795","55","227","");
INSERT INTO tbl_athlete_game VALUES("796","18","211","");
INSERT INTO tbl_athlete_game VALUES("797","16","6","");
INSERT INTO tbl_athlete_game VALUES("798","62","95","");
INSERT INTO tbl_athlete_game VALUES("799","24","190","");
INSERT INTO tbl_athlete_game VALUES("800","19","155","");
INSERT INTO tbl_athlete_game VALUES("801","17","224","");
INSERT INTO tbl_athlete_game VALUES("802","23","164","");
INSERT INTO tbl_athlete_game VALUES("803","17","213","");
INSERT INTO tbl_athlete_game VALUES("804","20","200","");
INSERT INTO tbl_athlete_game VALUES("805","20","195","");
INSERT INTO tbl_athlete_game VALUES("806","22","27","305");
INSERT INTO tbl_athlete_game VALUES("807","19","69","");
INSERT INTO tbl_athlete_game VALUES("808","19","64","");
INSERT INTO tbl_athlete_game VALUES("809","17","38","");
INSERT INTO tbl_athlete_game VALUES("810","20","167","");
INSERT INTO tbl_athlete_game VALUES("811","17","99","");
INSERT INTO tbl_athlete_game VALUES("812","18","119","");
INSERT INTO tbl_athlete_game VALUES("813","35","218","");
INSERT INTO tbl_athlete_game VALUES("814","35","221","");
INSERT INTO tbl_athlete_game VALUES("815","34","209","");
INSERT INTO tbl_athlete_game VALUES("816","34","203","");
INSERT INTO tbl_athlete_game VALUES("817","5","81","");
INSERT INTO tbl_athlete_game VALUES("819","63","225","");
INSERT INTO tbl_athlete_game VALUES("821","35","236","");
INSERT INTO tbl_athlete_game VALUES("822","43","235","");
INSERT INTO tbl_athlete_game VALUES("823","28","239","");
INSERT INTO tbl_athlete_game VALUES("824","67","239","");
INSERT INTO tbl_athlete_game VALUES("825","25","226","");
INSERT INTO tbl_athlete_game VALUES("826","37","70","");
INSERT INTO tbl_athlete_game VALUES("827","34","86","");
INSERT INTO tbl_athlete_game VALUES("829","18","86","");
INSERT INTO tbl_athlete_game VALUES("830","71","67","");
INSERT INTO tbl_athlete_game VALUES("831","73","67","");
INSERT INTO tbl_athlete_game VALUES("833","62","36","");
INSERT INTO tbl_athlete_game VALUES("834","62","40","");
INSERT INTO tbl_athlete_game VALUES("835","62","45","");
INSERT INTO tbl_athlete_game VALUES("836","60","44","");
INSERT INTO tbl_athlete_game VALUES("837","60","51","");
INSERT INTO tbl_athlete_game VALUES("839","60","61","");
INSERT INTO tbl_athlete_game VALUES("841","62","19","067");
INSERT INTO tbl_athlete_game VALUES("842","66","19","067");
INSERT INTO tbl_athlete_game VALUES("843","63","227","");
INSERT INTO tbl_athlete_game VALUES("844","67","230","");
INSERT INTO tbl_athlete_game VALUES("845","41","50","");
INSERT INTO tbl_athlete_game VALUES("846","60","47","");
INSERT INTO tbl_athlete_game VALUES("847","61","149","");
INSERT INTO tbl_athlete_game VALUES("848","62","29","277");
INSERT INTO tbl_athlete_game VALUES("849","62","23","");
INSERT INTO tbl_athlete_game VALUES("850","25","170","");
INSERT INTO tbl_athlete_game VALUES("851","25","175","");
INSERT INTO tbl_athlete_game VALUES("852","41","57","");
INSERT INTO tbl_athlete_game VALUES("853","10","135","");
INSERT INTO tbl_athlete_game VALUES("854","66","8","065");
INSERT INTO tbl_athlete_game VALUES("855","63","173","");
INSERT INTO tbl_athlete_game VALUES("856","67","202","");
INSERT INTO tbl_athlete_game VALUES("857","9","84","");
INSERT INTO tbl_athlete_game VALUES("858","33","174","");
INSERT INTO tbl_athlete_game VALUES("859","12","220","");
INSERT INTO tbl_athlete_game VALUES("860","34","199","");
INSERT INTO tbl_athlete_game VALUES("861","42","62","");
INSERT INTO tbl_athlete_game VALUES("862","61","10","300");
INSERT INTO tbl_athlete_game VALUES("863","61","141","");
INSERT INTO tbl_athlete_game VALUES("864","61","137","");
INSERT INTO tbl_athlete_game VALUES("865","62","108","");
INSERT INTO tbl_athlete_game VALUES("866","41","203","");
INSERT INTO tbl_athlete_game VALUES("867","61","209","");
INSERT INTO tbl_athlete_game VALUES("869","66","108","");
INSERT INTO tbl_athlete_game VALUES("870","42","121","");
INSERT INTO tbl_athlete_game VALUES("871","65","10","300");
INSERT INTO tbl_athlete_game VALUES("872","64","213","");
INSERT INTO tbl_athlete_game VALUES("873","63","90","121");
INSERT INTO tbl_athlete_game VALUES("874","67","90","121");
INSERT INTO tbl_athlete_game VALUES("875","65","120","");
INSERT INTO tbl_athlete_game VALUES("876","61","145","");
INSERT INTO tbl_athlete_game VALUES("877","61","162","");
INSERT INTO tbl_athlete_game VALUES("878","65","179","");
INSERT INTO tbl_athlete_game VALUES("879","65","141","");
INSERT INTO tbl_athlete_game VALUES("881","69","242","Freddy Roach");
INSERT INTO tbl_athlete_game VALUES("882","70","243","Freddy Roach");
INSERT INTO tbl_athlete_game VALUES("883","71","244","CHARLES");
INSERT INTO tbl_athlete_game VALUES("884","74","243","Coach Bob");
INSERT INTO tbl_athlete_game VALUES("885","79","244","CHARLES XAVIER");
INSERT INTO tbl_athlete_game VALUES("886","75","244","CHARLES XAVIER");



DROP TABLE tbl_athlete_overall;

CREATE TABLE `tbl_athlete_overall` (
  `ao_id` int(11) NOT NULL AUTO_INCREMENT,
  `a_id` int(11) NOT NULL,
  `total_points` decimal(11,2) NOT NULL,
  PRIMARY KEY (`ao_id`)
) ENGINE=InnoDB AUTO_INCREMENT=41 DEFAULT CHARSET=latin1;

INSERT INTO tbl_athlete_overall VALUES("1","2","2000.00");
INSERT INTO tbl_athlete_overall VALUES("2","4","1100.00");
INSERT INTO tbl_athlete_overall VALUES("3","11","1000.00");
INSERT INTO tbl_athlete_overall VALUES("4","12","2050.00");
INSERT INTO tbl_athlete_overall VALUES("5","13","3000.00");
INSERT INTO tbl_athlete_overall VALUES("6","21","1050.00");
INSERT INTO tbl_athlete_overall VALUES("7","28","1000.00");
INSERT INTO tbl_athlete_overall VALUES("8","33","1001.00");
INSERT INTO tbl_athlete_overall VALUES("9","35","5000.00");
INSERT INTO tbl_athlete_overall VALUES("10","36","1000.00");
INSERT INTO tbl_athlete_overall VALUES("11","37","1000.00");
INSERT INTO tbl_athlete_overall VALUES("12","45","2000.00");
INSERT INTO tbl_athlete_overall VALUES("13","46","1000.00");
INSERT INTO tbl_athlete_overall VALUES("14","48","4050.00");
INSERT INTO tbl_athlete_overall VALUES("15","49","2002.00");
INSERT INTO tbl_athlete_overall VALUES("16","50","1050.00");
INSERT INTO tbl_athlete_overall VALUES("17","52","1050.00");
INSERT INTO tbl_athlete_overall VALUES("18","62","1051.00");
INSERT INTO tbl_athlete_overall VALUES("19","64","1001.00");
INSERT INTO tbl_athlete_overall VALUES("20","67","1000.00");
INSERT INTO tbl_athlete_overall VALUES("21","76","3051.00");
INSERT INTO tbl_athlete_overall VALUES("22","77","2000.00");
INSERT INTO tbl_athlete_overall VALUES("23","79","1000.00");
INSERT INTO tbl_athlete_overall VALUES("24","98","2001.00");
INSERT INTO tbl_athlete_overall VALUES("25","104","1100.00");
INSERT INTO tbl_athlete_overall VALUES("26","124","1000.00");
INSERT INTO tbl_athlete_overall VALUES("27","135","1001.00");
INSERT INTO tbl_athlete_overall VALUES("28","149","2050.00");
INSERT INTO tbl_athlete_overall VALUES("29","154","1050.00");
INSERT INTO tbl_athlete_overall VALUES("30","165","1001.00");
INSERT INTO tbl_athlete_overall VALUES("31","173","2050.00");
INSERT INTO tbl_athlete_overall VALUES("32","189","2000.00");
INSERT INTO tbl_athlete_overall VALUES("33","205","2001.00");
INSERT INTO tbl_athlete_overall VALUES("34","213","2050.00");
INSERT INTO tbl_athlete_overall VALUES("35","219","1051.00");
INSERT INTO tbl_athlete_overall VALUES("36","224","3100.00");
INSERT INTO tbl_athlete_overall VALUES("37","236","1000.00");
INSERT INTO tbl_athlete_overall VALUES("38","242","1050.00");
INSERT INTO tbl_athlete_overall VALUES("39","243","2050.00");
INSERT INTO tbl_athlete_overall VALUES("40","244","3050.00");



DROP TABLE tbl_delegates;

CREATE TABLE `tbl_delegates` (
  `del_id` int(11) NOT NULL AUTO_INCREMENT,
  `del_name` varchar(255) NOT NULL,
  `del_color` varchar(100) NOT NULL,
  `event_id` int(11) NOT NULL,
  `status` int(11) NOT NULL,
  PRIMARY KEY (`del_id`)
) ENGINE=InnoDB AUTO_INCREMENT=13 DEFAULT CHARSET=latin1;

INSERT INTO tbl_delegates VALUES("2","CAGDIANAO","#0000ff","1","1");
INSERT INTO tbl_delegates VALUES("3","DINAGAT","#e60028","1","1");
INSERT INTO tbl_delegates VALUES("4","LIBJO","#00ec00","1","1");
INSERT INTO tbl_delegates VALUES("5","LORETO","#ff0000","1","1");
INSERT INTO tbl_delegates VALUES("6","SAN JOSE","#800080","1","1");
INSERT INTO tbl_delegates VALUES("8","TUBAJON","#0080ff","1","1");
INSERT INTO tbl_delegates VALUES("9","BASILISA","#800000","1","1");



DROP TABLE tbl_event;

CREATE TABLE `tbl_event` (
  `event_id` int(11) NOT NULL AUTO_INCREMENT,
  `event_name` varchar(255) NOT NULL,
  `event_description` varchar(500) NOT NULL,
  `address` varchar(300) NOT NULL,
  `from_date` date NOT NULL,
  `to_date` date NOT NULL,
  `event_status` int(11) NOT NULL,
  PRIMARY KEY (`event_id`)
) ENGINE=InnoDB AUTO_INCREMENT=9 DEFAULT CHARSET=latin1;

INSERT INTO tbl_event VALUES("1","DIPAM 2018","Dinagat Islands Provincial Athletic Meet 2018","","0000-00-00","0000-00-00","0");
INSERT INTO tbl_event VALUES("8","dasd","asdas","sadas","2019-02-01","2019-02-28","1");



DROP TABLE tbl_games;

CREATE TABLE `tbl_games` (
  `game_id` int(11) NOT NULL AUTO_INCREMENT,
  `game_name` varchar(255) NOT NULL,
  `level` varchar(100) NOT NULL,
  `category` varchar(100) NOT NULL,
  `event_id` int(11) NOT NULL,
  PRIMARY KEY (`game_id`)
) ENGINE=InnoDB AUTO_INCREMENT=80 DEFAULT CHARSET=latin1;

INSERT INTO tbl_games VALUES("1","100 M DASH","Elementary","Boys","1");
INSERT INTO tbl_games VALUES("2","100 M DASH","Secondary","Boys","1");
INSERT INTO tbl_games VALUES("3","100 M DASH","Elementary","Girls","1");
INSERT INTO tbl_games VALUES("4","100 M DASH","Secondary","Girls","1");
INSERT INTO tbl_games VALUES("5","200 M DASH","Elementary","Boys","1");
INSERT INTO tbl_games VALUES("6","200 M DASH","Secondary","Boys","1");
INSERT INTO tbl_games VALUES("7","200 M DASH","Elementary","Girls","1");
INSERT INTO tbl_games VALUES("8","200 M DASH","Secondary","Girls","1");
INSERT INTO tbl_games VALUES("9","400 M DASH","Elementary","Boys","1");
INSERT INTO tbl_games VALUES("10","400 M DASH","Secondary","Boys","1");
INSERT INTO tbl_games VALUES("11","400 M DASH","Elementary","Girls","1");
INSERT INTO tbl_games VALUES("12","400 M DASH","Secondary","Girls","1");
INSERT INTO tbl_games VALUES("13","100 M HH","Elementary","Girls","1");
INSERT INTO tbl_games VALUES("14","100 M HH","Secondary","Girls","1");
INSERT INTO tbl_games VALUES("15","110 M HH","Elementary","Boys","1");
INSERT INTO tbl_games VALUES("16","110 M HH","Secondary","Boys","1");
INSERT INTO tbl_games VALUES("17","400 M LH","Elementary","Boys","1");
INSERT INTO tbl_games VALUES("18","400 M LH","Secondary","Boys","1");
INSERT INTO tbl_games VALUES("19","400 M LH","Elementary","Girls","1");
INSERT INTO tbl_games VALUES("20","400 M LH","Secondary","Girls","1");
INSERT INTO tbl_games VALUES("21","800 M RUN","Elementary","Boys","1");
INSERT INTO tbl_games VALUES("22","800 M RUN","Secondary","Boys","1");
INSERT INTO tbl_games VALUES("23","800 M RUN","Elementary","Girls","1");
INSERT INTO tbl_games VALUES("24","800 M RUN","Secondary","Girls","1");
INSERT INTO tbl_games VALUES("25","1500 M RUN","Elementary","Boys","1");
INSERT INTO tbl_games VALUES("26","1500 M RUN","Secondary","Boys","1");
INSERT INTO tbl_games VALUES("27","1500 M RUN","Elementary","Girls","1");
INSERT INTO tbl_games VALUES("28","1500 M RUN","Secondary","Girls","1");
INSERT INTO tbl_games VALUES("31","3000 M RUN","Secondary","Girls","1");
INSERT INTO tbl_games VALUES("32","3000 M SC","Secondary","Boys","1");
INSERT INTO tbl_games VALUES("33","5000 M RUN","Secondary","Boys","1");
INSERT INTO tbl_games VALUES("34","2000 M WALK","Secondary","Boys","1");
INSERT INTO tbl_games VALUES("35","2000 M WALK","Secondary","Girls","1");
INSERT INTO tbl_games VALUES("36","LONG JUMP","Elementary","Boys","1");
INSERT INTO tbl_games VALUES("37","LONG JUMP","Secondary","Boys","1");
INSERT INTO tbl_games VALUES("38","LONG JUMP","Elementary","Girls","1");
INSERT INTO tbl_games VALUES("39","LONG JUMP","Secondary","Girls","1");
INSERT INTO tbl_games VALUES("40","TRIPLE JUMP","Elementary","Boys","1");
INSERT INTO tbl_games VALUES("41","TRIPLE JUMP","Secondary","Boys","1");
INSERT INTO tbl_games VALUES("42","TRIPLE JUMP","Elementary","Girls","1");
INSERT INTO tbl_games VALUES("43","TRIPLE JUMP","Secondary","Girls","1");
INSERT INTO tbl_games VALUES("44","HIGH JUMP","Elementary","Boys","1");
INSERT INTO tbl_games VALUES("45","HIGH JUMP","Secondary","Boys","1");
INSERT INTO tbl_games VALUES("46","HIGH JUMP","Elementary","Girls","1");
INSERT INTO tbl_games VALUES("47","HIGH JUMP","Secondary","Girls","1");
INSERT INTO tbl_games VALUES("48","SHOT PUT","Elementary","Boys","1");
INSERT INTO tbl_games VALUES("49","SHOT PUT","Secondary","Boys","1");
INSERT INTO tbl_games VALUES("50","SHOT PUT","Elementary","Girls","1");
INSERT INTO tbl_games VALUES("51","SHOT PUT","Secondary","Girls","1");
INSERT INTO tbl_games VALUES("52","DISCUS THROW","Elementary","Boys","1");
INSERT INTO tbl_games VALUES("53","DISCUS THROW","Secondary","Boys","1");
INSERT INTO tbl_games VALUES("54","DISCUS THROW","Elementary","Girls","1");
INSERT INTO tbl_games VALUES("55","DISCUS THROW","Secondary","Girls","1");
INSERT INTO tbl_games VALUES("56","JAVELIN THROW","Elementary","Boys","1");
INSERT INTO tbl_games VALUES("57","JAVELIN THROW","Secondary","Boys","1");
INSERT INTO tbl_games VALUES("58","JAVELIN THROW","Elementary","Girls","1");
INSERT INTO tbl_games VALUES("59","JAVELIN THROW","Secondary","Girls","1");
INSERT INTO tbl_games VALUES("60","4X100 RELAY","Elementary","Boys","1");
INSERT INTO tbl_games VALUES("61","4X100 RELAY","Secondary","Boys","1");
INSERT INTO tbl_games VALUES("62","4X100 RELAY","Elementary","Girls","1");
INSERT INTO tbl_games VALUES("63","4X100 RELAY","Secondary","Girls","1");
INSERT INTO tbl_games VALUES("64","4X400 RELAY","Elementary","Boys","1");
INSERT INTO tbl_games VALUES("65","4X400 RELAY","Secondary","Boys","1");
INSERT INTO tbl_games VALUES("66","4X400 RELAY","Elementary","Girls","1");
INSERT INTO tbl_games VALUES("67","4X400 RELAY","Secondary","Girls","1");
INSERT INTO tbl_games VALUES("68","POLEVAULT","Secondary","Boys","1");



DROP TABLE tbl_medalist;

CREATE TABLE `tbl_medalist` (
  `md_id` int(11) NOT NULL AUTO_INCREMENT,
  `a_id` int(11) NOT NULL,
  `total_medal` int(11) NOT NULL,
  `medal_type` varchar(10) NOT NULL,
  PRIMARY KEY (`md_id`)
) ENGINE=InnoDB AUTO_INCREMENT=152 DEFAULT CHARSET=latin1;

INSERT INTO tbl_medalist VALUES("7","243","2","Gold");
INSERT INTO tbl_medalist VALUES("8","244","3","Gold");
INSERT INTO tbl_medalist VALUES("9","243","1","Silver");
INSERT INTO tbl_medalist VALUES("10","244","1","Silver");
INSERT INTO tbl_medalist VALUES("11","2","2","Gold");
INSERT INTO tbl_medalist VALUES("12","4","1","Gold");
INSERT INTO tbl_medalist VALUES("13","11","1","Gold");
INSERT INTO tbl_medalist VALUES("14","12","2","Gold");
INSERT INTO tbl_medalist VALUES("15","13","3","Gold");
INSERT INTO tbl_medalist VALUES("16","21","1","Gold");
INSERT INTO tbl_medalist VALUES("17","28","1","Gold");
INSERT INTO tbl_medalist VALUES("18","33","1","Gold");
INSERT INTO tbl_medalist VALUES("19","35","5","Gold");
INSERT INTO tbl_medalist VALUES("20","36","1","Gold");
INSERT INTO tbl_medalist VALUES("21","37","1","Gold");
INSERT INTO tbl_medalist VALUES("22","45","2","Gold");
INSERT INTO tbl_medalist VALUES("23","46","1","Gold");
INSERT INTO tbl_medalist VALUES("24","48","4","Gold");
INSERT INTO tbl_medalist VALUES("25","49","2","Gold");
INSERT INTO tbl_medalist VALUES("26","50","1","Gold");
INSERT INTO tbl_medalist VALUES("27","52","1","Gold");
INSERT INTO tbl_medalist VALUES("28","62","1","Gold");
INSERT INTO tbl_medalist VALUES("29","64","1","Gold");
INSERT INTO tbl_medalist VALUES("30","76","3","Gold");
INSERT INTO tbl_medalist VALUES("31","77","2","Gold");
INSERT INTO tbl_medalist VALUES("32","79","1","Gold");
INSERT INTO tbl_medalist VALUES("33","98","2","Gold");
INSERT INTO tbl_medalist VALUES("34","104","1","Gold");
INSERT INTO tbl_medalist VALUES("35","124","1","Gold");
INSERT INTO tbl_medalist VALUES("36","135","1","Gold");
INSERT INTO tbl_medalist VALUES("37","149","2","Gold");
INSERT INTO tbl_medalist VALUES("38","154","1","Gold");
INSERT INTO tbl_medalist VALUES("39","165","1","Gold");
INSERT INTO tbl_medalist VALUES("40","173","2","Gold");
INSERT INTO tbl_medalist VALUES("41","189","2","Gold");
INSERT INTO tbl_medalist VALUES("42","205","2","Gold");
INSERT INTO tbl_medalist VALUES("43","213","2","Gold");
INSERT INTO tbl_medalist VALUES("44","219","1","Gold");
INSERT INTO tbl_medalist VALUES("45","224","3","Gold");
INSERT INTO tbl_medalist VALUES("46","236","1","Gold");
INSERT INTO tbl_medalist VALUES("47","4","2","Silver");
INSERT INTO tbl_medalist VALUES("48","8","1","Silver");
INSERT INTO tbl_medalist VALUES("49","12","1","Silver");
INSERT INTO tbl_medalist VALUES("50","20","1","Silver");
INSERT INTO tbl_medalist VALUES("51","21","1","Silver");
INSERT INTO tbl_medalist VALUES("52","30","1","Silver");
INSERT INTO tbl_medalist VALUES("53","31","1","Silver");
INSERT INTO tbl_medalist VALUES("54","48","1","Silver");
INSERT INTO tbl_medalist VALUES("55","50","1","Silver");
INSERT INTO tbl_medalist VALUES("56","52","1","Silver");
INSERT INTO tbl_medalist VALUES("57","56","1","Silver");
INSERT INTO tbl_medalist VALUES("58","60","2","Silver");
INSERT INTO tbl_medalist VALUES("59","62","1","Silver");
INSERT INTO tbl_medalist VALUES("60","75","2","Silver");
INSERT INTO tbl_medalist VALUES("61","76","1","Silver");
INSERT INTO tbl_medalist VALUES("62","80","1","Silver");
INSERT INTO tbl_medalist VALUES("63","82","1","Silver");
INSERT INTO tbl_medalist VALUES("64","84","1","Silver");
INSERT INTO tbl_medalist VALUES("65","88","1","Silver");
INSERT INTO tbl_medalist VALUES("66","104","2","Silver");
INSERT INTO tbl_medalist VALUES("67","108","2","Silver");
INSERT INTO tbl_medalist VALUES("68","109","1","Silver");
INSERT INTO tbl_medalist VALUES("69","111","1","Silver");
INSERT INTO tbl_medalist VALUES("70","112","1","Silver");
INSERT INTO tbl_medalist VALUES("71","121","1","Silver");
INSERT INTO tbl_medalist VALUES("72","137","1","Silver");
INSERT INTO tbl_medalist VALUES("73","141","1","Silver");
INSERT INTO tbl_medalist VALUES("74","144","1","Silver");
INSERT INTO tbl_medalist VALUES("75","145","1","Silver");
INSERT INTO tbl_medalist VALUES("76","147","1","Silver");
INSERT INTO tbl_medalist VALUES("77","149","1","Silver");
INSERT INTO tbl_medalist VALUES("78","150","1","Silver");
INSERT INTO tbl_medalist VALUES("79","154","1","Silver");
INSERT INTO tbl_medalist VALUES("80","155","1","Silver");
INSERT INTO tbl_medalist VALUES("81","162","1","Silver");
INSERT INTO tbl_medalist VALUES("82","172","1","Silver");
INSERT INTO tbl_medalist VALUES("83","173","1","Silver");
INSERT INTO tbl_medalist VALUES("84","176","2","Silver");
INSERT INTO tbl_medalist VALUES("85","179","1","Silver");
INSERT INTO tbl_medalist VALUES("86","181","1","Silver");
INSERT INTO tbl_medalist VALUES("87","183","1","Silver");
INSERT INTO tbl_medalist VALUES("88","193","1","Silver");
INSERT INTO tbl_medalist VALUES("89","213","1","Silver");
INSERT INTO tbl_medalist VALUES("90","219","1","Silver");
INSERT INTO tbl_medalist VALUES("91","221","1","Silver");
INSERT INTO tbl_medalist VALUES("92","222","1","Silver");
INSERT INTO tbl_medalist VALUES("93","224","2","Silver");
INSERT INTO tbl_medalist VALUES("94","225","1","Silver");
INSERT INTO tbl_medalist VALUES("95","227","1","Silver");
INSERT INTO tbl_medalist VALUES("96","230","1","Silver");
INSERT INTO tbl_medalist VALUES("97","231","1","Silver");
INSERT INTO tbl_medalist VALUES("98","233","1","Silver");
INSERT INTO tbl_medalist VALUES("99","239","1","Silver");
INSERT INTO tbl_medalist VALUES("100","5","1","Bronze");
INSERT INTO tbl_medalist VALUES("101","9","1","Bronze");
INSERT INTO tbl_medalist VALUES("102","10","1","Bronze");
INSERT INTO tbl_medalist VALUES("103","25","2","Bronze");
INSERT INTO tbl_medalist VALUES("104","26","1","Bronze");
INSERT INTO tbl_medalist VALUES("105","27","1","Bronze");
INSERT INTO tbl_medalist VALUES("106","31","1","Bronze");
INSERT INTO tbl_medalist VALUES("107","33","1","Bronze");
INSERT INTO tbl_medalist VALUES("108","49","2","Bronze");
INSERT INTO tbl_medalist VALUES("109","56","1","Bronze");
INSERT INTO tbl_medalist VALUES("110","62","1","Bronze");
INSERT INTO tbl_medalist VALUES("111","64","1","Bronze");
INSERT INTO tbl_medalist VALUES("112","69","1","Bronze");
INSERT INTO tbl_medalist VALUES("113","71","1","Bronze");
INSERT INTO tbl_medalist VALUES("114","74","1","Bronze");
INSERT INTO tbl_medalist VALUES("115","76","1","Bronze");
INSERT INTO tbl_medalist VALUES("116","85","1","Bronze");
INSERT INTO tbl_medalist VALUES("117","88","2","Bronze");
INSERT INTO tbl_medalist VALUES("118","89","1","Bronze");
INSERT INTO tbl_medalist VALUES("119","92","1","Bronze");
INSERT INTO tbl_medalist VALUES("120","98","1","Bronze");
INSERT INTO tbl_medalist VALUES("121","99","1","Bronze");
INSERT INTO tbl_medalist VALUES("122","108","1","Bronze");
INSERT INTO tbl_medalist VALUES("123","111","1","Bronze");
INSERT INTO tbl_medalist VALUES("124","119","2","Bronze");
INSERT INTO tbl_medalist VALUES("125","125","1","Bronze");
INSERT INTO tbl_medalist VALUES("126","127","2","Bronze");
INSERT INTO tbl_medalist VALUES("127","135","1","Bronze");
INSERT INTO tbl_medalist VALUES("128","136","1","Bronze");
INSERT INTO tbl_medalist VALUES("129","140","1","Bronze");
INSERT INTO tbl_medalist VALUES("130","146","2","Bronze");
INSERT INTO tbl_medalist VALUES("131","147","1","Bronze");
INSERT INTO tbl_medalist VALUES("132","148","1","Bronze");
INSERT INTO tbl_medalist VALUES("133","156","1","Bronze");
INSERT INTO tbl_medalist VALUES("134","165","1","Bronze");
INSERT INTO tbl_medalist VALUES("135","169","1","Bronze");
INSERT INTO tbl_medalist VALUES("136","171","1","Bronze");
INSERT INTO tbl_medalist VALUES("137","177","2","Bronze");
INSERT INTO tbl_medalist VALUES("138","183","1","Bronze");
INSERT INTO tbl_medalist VALUES("139","186","1","Bronze");
INSERT INTO tbl_medalist VALUES("140","199","1","Bronze");
INSERT INTO tbl_medalist VALUES("141","205","1","Bronze");
INSERT INTO tbl_medalist VALUES("142","208","1","Bronze");
INSERT INTO tbl_medalist VALUES("143","210","1","Bronze");
INSERT INTO tbl_medalist VALUES("144","212","1","Bronze");
INSERT INTO tbl_medalist VALUES("145","215","1","Bronze");
INSERT INTO tbl_medalist VALUES("146","219","1","Bronze");
INSERT INTO tbl_medalist VALUES("147","221","1","Bronze");
INSERT INTO tbl_medalist VALUES("148","223","2","Bronze");
INSERT INTO tbl_medalist VALUES("149","226","1","Bronze");
INSERT INTO tbl_medalist VALUES("150","230","1","Bronze");
INSERT INTO tbl_medalist VALUES("151","234","1","Bronze");



DROP TABLE tbl_overall;

CREATE TABLE `tbl_overall` (
  `id` int(11) NOT NULL AUTO_INCREMENT,
  `del_id` int(11) NOT NULL,
  `total_gold` int(11) NOT NULL,
  `total_silver` int(11) NOT NULL,
  `total_bronze` int(11) NOT NULL,
  `total` int(20) NOT NULL,
  PRIMARY KEY (`id`)
) ENGINE=InnoDB AUTO_INCREMENT=20 DEFAULT CHARSET=latin1;

INSERT INTO tbl_overall VALUES("11","2","19000","500","7","19507");
INSERT INTO tbl_overall VALUES("12","3","2000","100","1","2101");
INSERT INTO tbl_overall VALUES("13","4","4000","150","13","4163");
INSERT INTO tbl_overall VALUES("14","5","11000","1000","9","12009");
INSERT INTO tbl_overall VALUES("15","6","8000","200","2","8202");
INSERT INTO tbl_overall VALUES("16","8","4000","400","11","4411");
INSERT INTO tbl_overall VALUES("17","9","13000","650","17","13667");
INSERT INTO tbl_overall VALUES("18","11","5000","100","0","5100");
INSERT INTO tbl_overall VALUES("19","12","0","0","0","0");



DROP TABLE tbl_settings;

CREATE TABLE `tbl_settings` (
  `id` int(11) NOT NULL AUTO_INCREMENT,
  `event_logo` varchar(200) NOT NULL,
  `event_heading` varchar(200) NOT NULL,
  `event_sub_heading` varchar(200) NOT NULL,
  `sign1` varchar(100) NOT NULL,
  `designation1` varchar(100) NOT NULL,
  `sign2` varchar(100) NOT NULL,
  `designation2` varchar(100) NOT NULL,
  `sign3` varchar(100) NOT NULL,
  `designation3` varchar(100) NOT NULL,
  `sign4` varchar(100) NOT NULL,
  `designation4` varchar(100) NOT NULL,
  `event_id` int(11) NOT NULL,
  PRIMARY KEY (`id`)
) ENGINE=InnoDB AUTO_INCREMENT=4 DEFAULT CHARSET=latin1;

INSERT INTO tbl_settings VALUES("1","upload/ICTD LOGO1.png","Department of Education
CARAGA Administrative Region
Province of Dinagat Islands","","SATURNINO C. MUTYA","Tournament Secretary","","Track Referee/Filed Referee","JORGE P. JAMAHANI, SR.","TM-IAA Level II Coach 10259","","","1");
INSERT INTO tbl_settings VALUES("2","upload/logo.png","Department of Education
CARAGA Administrative Region
Province of Dinagat Islands","Cagdianao Sports Complex
Cagdianao, Dinagat Islands
February 1-20, 2019","asdas","dasd","asd","dasd","dasd","asdas","dasd","dasdsa","4");
INSERT INTO tbl_settings VALUES("3","upload/pgsologo.png","Republic of the Philippines
CARAGA Administrative Region
Province of Dinagat Islands","Brgy. Cuarinta, San Jose, Dinagat Islands
as of February 20, 2019","Mark Magalona","Designate 1","Patric Mendoza","Designate 2","","","","","8");



DROP TABLE tbl_standing;

CREATE TABLE `tbl_standing` (
  `st_id` int(11) NOT NULL AUTO_INCREMENT,
  `st_name` varchar(255) NOT NULL,
  `st_image` varchar(255) NOT NULL,
  `st_points` int(11) NOT NULL,
  PRIMARY KEY (`st_id`)
) ENGINE=InnoDB DEFAULT CHARSET=latin1;




DROP TABLE tbl_top_6;

CREATE TABLE `tbl_top_6` (
  `id` int(11) NOT NULL AUTO_INCREMENT,
  `game_id` int(11) NOT NULL,
  `a_id` int(11) NOT NULL,
  `a_no` varchar(40) NOT NULL,
  `rank` int(11) NOT NULL,
  `remarks` varchar(255) NOT NULL,
  `lane` varchar(20) NOT NULL,
  PRIMARY KEY (`id`)
) ENGINE=InnoDB AUTO_INCREMENT=416 DEFAULT CHARSET=latin1;

INSERT INTO tbl_top_6 VALUES("1","56","28","007","1","26.23","");
INSERT INTO tbl_top_6 VALUES("2","56","219","174","2","25.92","");
INSERT INTO tbl_top_6 VALUES("3","56","156","226","3","25.45","");
INSERT INTO tbl_top_6 VALUES("4","56","222","175","4","23.15","");
INSERT INTO tbl_top_6 VALUES("5","56","132","114","5","22.90","");
INSERT INTO tbl_top_6 VALUES("6","56","12","003","6","22.85","");
INSERT INTO tbl_top_6 VALUES("7","14","46","292","1","18.94","");
INSERT INTO tbl_top_6 VALUES("8","14","200","264","2","20.34","");
INSERT INTO tbl_top_6 VALUES("9","14","31","081","3","21.25","");
INSERT INTO tbl_top_6 VALUES("10","14","230","184","4","21.37","");
INSERT INTO tbl_top_6 VALUES("11","14","227","183","5","21.53","");
INSERT INTO tbl_top_6 VALUES("12","14","134","035","6","22.41","");
INSERT INTO tbl_top_6 VALUES("13","58","2","063","1","16.04","");
INSERT INTO tbl_top_6 VALUES("14","58","88","227","2","15.07","");
INSERT INTO tbl_top_6 VALUES("15","58","125","239","3","13.61","");
INSERT INTO tbl_top_6 VALUES("16","58","71","019","4","12.75","");
INSERT INTO tbl_top_6 VALUES("17","58","133","241","5","12.46","");
INSERT INTO tbl_top_6 VALUES("18","58","8","065","6","12.45","");
INSERT INTO tbl_top_6 VALUES("19","59","4","077","1","24.80","");
INSERT INTO tbl_top_6 VALUES("20","59","173","256","2","24.0 (23.80)","");
INSERT INTO tbl_top_6 VALUES("21","59","140","036","3","24.0 (23.14)","");
INSERT INTO tbl_top_6 VALUES("22","59","230","184","4","23.98","");
INSERT INTO tbl_top_6 VALUES("23","59","227","183","5","16.84","");
INSERT INTO tbl_top_6 VALUES("24","59","212","235","6","18.30","");
INSERT INTO tbl_top_6 VALUES("25","57","49","071","1","38.22","");
INSERT INTO tbl_top_6 VALUES("26","57","145","193","2","35.10","");
INSERT INTO tbl_top_6 VALUES("27","57","165","201","3","35.04","");
INSERT INTO tbl_top_6 VALUES("28","57","74","221","4","34.49","");
INSERT INTO tbl_top_6 VALUES("29","57","203","250","5","33.94","");
INSERT INTO tbl_top_6 VALUES("30","57","193","244","6","32.82","");
INSERT INTO tbl_top_6 VALUES("31","3","48","011","1","15.93","");
INSERT INTO tbl_top_6 VALUES("32","3","172","168","2","16.00","");
INSERT INTO tbl_top_6 VALUES("33","3","128","240","3","16.29","");
INSERT INTO tbl_top_6 VALUES("34","3","8","065","4","16.85","");
INSERT INTO tbl_top_6 VALUES("35","3","108","236","5","16.91","");
INSERT INTO tbl_top_6 VALUES("36","3","186","170","6","17.16","");
INSERT INTO tbl_top_6 VALUES("37","1","224","176","1","14.59","");
INSERT INTO tbl_top_6 VALUES("38","1","222","175","2","15.10","");
INSERT INTO tbl_top_6 VALUES("39","1","33","008","3","15.10","");
INSERT INTO tbl_top_6 VALUES("40","1","9","002","4","15.53","");
INSERT INTO tbl_top_6 VALUES("41","1","72","055","5","15.91","");
INSERT INTO tbl_top_6 VALUES("42","1","51","273","6","15.94","");
INSERT INTO tbl_top_6 VALUES("43","2","189","132","1","12.18","");
INSERT INTO tbl_top_6 VALUES("44","2","176","205","2","12.28","");
INSERT INTO tbl_top_6 VALUES("45","2","171","203","3","12.56","");
INSERT INTO tbl_top_6 VALUES("46","2","49","071","4","12.62","");
INSERT INTO tbl_top_6 VALUES("47","2","196","246","5","12.66","");
INSERT INTO tbl_top_6 VALUES("48","2","11","301","6","12.78","");
INSERT INTO tbl_top_6 VALUES("49","4","35","082","1","13.44","");
INSERT INTO tbl_top_6 VALUES("50","4","111","122","2","14.15","");
INSERT INTO tbl_top_6 VALUES("51","4","60","294","3","14.43","");
INSERT INTO tbl_top_6 VALUES("52","4","210","234","4","15.15","");
INSERT INTO tbl_top_6 VALUES("53","4","239","191","5","15.25","");
INSERT INTO tbl_top_6 VALUES("54","4","53","293","6","15.47","");
INSERT INTO tbl_top_6 VALUES("55","54","2","063","1","16.10","");
INSERT INTO tbl_top_6 VALUES("56","54","75","020","2","15.59","");
INSERT INTO tbl_top_6 VALUES("57","54","88","227","3","14.32","");
INSERT INTO tbl_top_6 VALUES("58","54","71","019","4","13.76","");
INSERT INTO tbl_top_6 VALUES("59","54","133","241","5","12.35","");
INSERT INTO tbl_top_6 VALUES("60","54","160","165","6","12.16","");
INSERT INTO tbl_top_6 VALUES("61","16","79","222","1","18.65","");
INSERT INTO tbl_top_6 VALUES("62","16","154","197","2","18.59","");
INSERT INTO tbl_top_6 VALUES("63","16","119","025","3","19.00","");
INSERT INTO tbl_top_6 VALUES("64","16","6","299","4","19.03","");
INSERT INTO tbl_top_6 VALUES("65","16","191","243","5","19.16","");
INSERT INTO tbl_top_6 VALUES("66","16","18","303","6","19.31","");
INSERT INTO tbl_top_6 VALUES("67","15","213","172","1","21.75","");
INSERT INTO tbl_top_6 VALUES("68","15","183","233","2","23.15","");
INSERT INTO tbl_top_6 VALUES("69","15","178","231","3","24.47","");
INSERT INTO tbl_top_6 VALUES("70","15","99","061","4","24.84","");
INSERT INTO tbl_top_6 VALUES("71","15","5","001","5","24.96","");
INSERT INTO tbl_top_6 VALUES("72","15","16","004","6","25.84","");
INSERT INTO tbl_top_6 VALUES("73","13","52","012","1","22.53","");
INSERT INTO tbl_top_6 VALUES("74","13","136","242","2","22.65","");
INSERT INTO tbl_top_6 VALUES("75","13","59","014","3","22.68","");
INSERT INTO tbl_top_6 VALUES("76","13","45","282","4","22.78","");
INSERT INTO tbl_top_6 VALUES("77","13","7","064","5","24.47","");
INSERT INTO tbl_top_6 VALUES("78","13","155","164","6","24.97","");
INSERT INTO tbl_top_6 VALUES("79","53","205","252","1","26.73","");
INSERT INTO tbl_top_6 VALUES("80","53","193","244","2","26.67","");
INSERT INTO tbl_top_6 VALUES("81","53","148","194","3","24.13","");
INSERT INTO tbl_top_6 VALUES("82","53","0","","4","","");
INSERT INTO tbl_top_6 VALUES("83","53","0","","5","","");
INSERT INTO tbl_top_6 VALUES("84","53","0","","6","","");
INSERT INTO tbl_top_6 VALUES("86","69","0","","2","","");
INSERT INTO tbl_top_6 VALUES("87","69","0","","3","","");
INSERT INTO tbl_top_6 VALUES("88","69","0","","4","","");
INSERT INTO tbl_top_6 VALUES("89","69","0","","5","","");
INSERT INTO tbl_top_6 VALUES("90","69","0","","6","","");
INSERT INTO tbl_top_6 VALUES("91","52","219","174","1","17.49","");
INSERT INTO tbl_top_6 VALUES("92","52","150","225","2","17.32","");
INSERT INTO tbl_top_6 VALUES("93","52","146","224","3","15.87","");
INSERT INTO tbl_top_6 VALUES("94","52","28","007","4","15.25","");
INSERT INTO tbl_top_6 VALUES("95","52","118","111","5","14.48","");
INSERT INTO tbl_top_6 VALUES("96","52","61","276","6","14.67","");
INSERT INTO tbl_top_6 VALUES("97","50","36","279","1","5.0","");
INSERT INTO tbl_top_6 VALUES("98","50","75","020","2","4.64","");
INSERT INTO tbl_top_6 VALUES("99","50","71","019","3","4.56","");
INSERT INTO tbl_top_6 VALUES("100","50","95","230","4","4.45","");
INSERT INTO tbl_top_6 VALUES("101","50","121","238","5","4.39","");
INSERT INTO tbl_top_6 VALUES("102","50","88","227","6","4.30","");
INSERT INTO tbl_top_6 VALUES("103","55","173","256","1","21.03","");
INSERT INTO tbl_top_6 VALUES("104","55","4","077","2","18.77","");
INSERT INTO tbl_top_6 VALUES("105","55","26","080","3","17.85","");
INSERT INTO tbl_top_6 VALUES("106","55","73","296","4","16.64","");
INSERT INTO tbl_top_6 VALUES("107","55","140","036","5","16.22","");
INSERT INTO tbl_top_6 VALUES("108","55","212","235","6","16.15","");
INSERT INTO tbl_top_6 VALUES("109","48","12","003","1","7.66","");
INSERT INTO tbl_top_6 VALUES("110","48","213","172","2","6.95","");
INSERT INTO tbl_top_6 VALUES("111","48","146","224","3","6.72","");
INSERT INTO tbl_top_6 VALUES("112","48","150","225","4","6.30","");
INSERT INTO tbl_top_6 VALUES("113","48","47","272","5","6.19","");
INSERT INTO tbl_top_6 VALUES("114","48","132","114","6","6.08","");
INSERT INTO tbl_top_6 VALUES("115","23","98","231","1","3:05.40","");
INSERT INTO tbl_top_6 VALUES("116","23","62","015","2","3;08","");
INSERT INTO tbl_top_6 VALUES("117","23","56","013","3","3:10","");
INSERT INTO tbl_top_6 VALUES("118","23","93","229","4","3:17","");
INSERT INTO tbl_top_6 VALUES("119","23","164","166","5","3:26","");
INSERT INTO tbl_top_6 VALUES("120","23","32","278","6","3:50","");
INSERT INTO tbl_top_6 VALUES("121","22","149","195","1","2.16","");
INSERT INTO tbl_top_6 VALUES("122","22","137","033","2","2.20","");
INSERT INTO tbl_top_6 VALUES("123","22","127","028","3","2.25","");
INSERT INTO tbl_top_6 VALUES("124","22","82","223","4","2.28","");
INSERT INTO tbl_top_6 VALUES("125","22","165","201","5","2.32","");
INSERT INTO tbl_top_6 VALUES("126","22","27","305","6","2.39","");
INSERT INTO tbl_top_6 VALUES("127","21","76","056","1","2:48.50","");
INSERT INTO tbl_top_6 VALUES("128","21","104","062","2","2:55.00","");
INSERT INTO tbl_top_6 VALUES("129","21","9","002","3","3:03.10","");
INSERT INTO tbl_top_6 VALUES("130","21","110","109","4","3:05.62","");
INSERT INTO tbl_top_6 VALUES("131","21","38","009","5","3:50.70","");
INSERT INTO tbl_top_6 VALUES("132","21","231","180","6","3:57.60","");
INSERT INTO tbl_top_6 VALUES("133","24","13","078","1","2:48.97","");
INSERT INTO tbl_top_6 VALUES("134","24","221","241","2","2:56.0","");
INSERT INTO tbl_top_6 VALUES("135","24","223","242","3","3:02.06","");
INSERT INTO tbl_top_6 VALUES("136","24","39","083","4","3:15.84","");
INSERT INTO tbl_top_6 VALUES("137","24","234","186","5","3:18.3","");
INSERT INTO tbl_top_6 VALUES("138","24","238","190","6","3:25.37","");
INSERT INTO tbl_top_6 VALUES("139","49","205","252","1","9.63","");
INSERT INTO tbl_top_6 VALUES("140","49","112","022","2","9.54","");
INSERT INTO tbl_top_6 VALUES("141","49","74","221","3","9.17","");
INSERT INTO tbl_top_6 VALUES("142","49","153","196","4","8.45","");
INSERT INTO tbl_top_6 VALUES("143","49","115","023","5","8.07","");
INSERT INTO tbl_top_6 VALUES("144","49","15","302","6","7.86","");
INSERT INTO tbl_top_6 VALUES("145","51","173","256","1"," 7.37","");
INSERT INTO tbl_top_6 VALUES("146","51","4","077","2","7.10","");
INSERT INTO tbl_top_6 VALUES("147","51","212","235","3","6.42","");
INSERT INTO tbl_top_6 VALUES("148","51","65","295","4","6.22","");
INSERT INTO tbl_top_6 VALUES("149","51","225","182","5","6.09","");
INSERT INTO tbl_top_6 VALUES("150","51","188","259","6","6.03","");
INSERT INTO tbl_top_6 VALUES("151","19","64","016","1","1:30.50","");
INSERT INTO tbl_top_6 VALUES("152","19","155","164","2","1:36.44","");
INSERT INTO tbl_top_6 VALUES("153","19","69","018","3","1:41.25","");
INSERT INTO tbl_top_6 VALUES("154","19","0","","4","","");
INSERT INTO tbl_top_6 VALUES("155","19","0","","5","","");
INSERT INTO tbl_top_6 VALUES("156","19","0","","6","","");
INSERT INTO tbl_top_6 VALUES("157","20","21","079","1","1:27.10","");
INSERT INTO tbl_top_6 VALUES("158","20","147","039","2","1:29.09","");
INSERT INTO tbl_top_6 VALUES("159","20","200","264","3","1:31.07","");
INSERT INTO tbl_top_6 VALUES("160","20","234","186","4","1:31.31","");
INSERT INTO tbl_top_6 VALUES("161","20","0","","5","","");
INSERT INTO tbl_top_6 VALUES("162","20","0","","6","","");
INSERT INTO tbl_top_6 VALUES("163","17","224","176","1","1:21.29","");
INSERT INTO tbl_top_6 VALUES("164","17","213","172","2","1:24.07","");
INSERT INTO tbl_top_6 VALUES("165","17","183","233","3","1:34.19","");
INSERT INTO tbl_top_6 VALUES("166","17","99","061","4","1:34.72","");
INSERT INTO tbl_top_6 VALUES("167","17","38","009","5","1:40.75","");
INSERT INTO tbl_top_6 VALUES("168","17","25","006","6","1:51.50","");
INSERT INTO tbl_top_6 VALUES("169","18","154","197","1","1.04.56","");
INSERT INTO tbl_top_6 VALUES("170","18","82","223","2","1.06.22","");
INSERT INTO tbl_top_6 VALUES("171","18","162","200","3","1.07","");
INSERT INTO tbl_top_6 VALUES("172","18","119","025","4","1.08.27","");
INSERT INTO tbl_top_6 VALUES("173","18","0","","5","","");
INSERT INTO tbl_top_6 VALUES("174","18","0","","6","","");
INSERT INTO tbl_top_6 VALUES("175","38","45","282","1","3.03","");
INSERT INTO tbl_top_6 VALUES("176","38","80","118","2","2.98","");
INSERT INTO tbl_top_6 VALUES("177","38","85","226","3","2.92","");
INSERT INTO tbl_top_6 VALUES("178","38","52","012","4","2.87","");
INSERT INTO tbl_top_6 VALUES("179","38","117","337","5","2.81","");
INSERT INTO tbl_top_6 VALUES("180","38","155","164","6","2.75","");
INSERT INTO tbl_top_6 VALUES("181","36","76","056","1","3.43","");
INSERT INTO tbl_top_6 VALUES("182","36","181","232","2","3.37","");
INSERT INTO tbl_top_6 VALUES("183","36","25","006","3","3.32","");
INSERT INTO tbl_top_6 VALUES("184","36","99","061","4","3.20","");
INSERT INTO tbl_top_6 VALUES("185","36","51","273","5","3.15","");
INSERT INTO tbl_top_6 VALUES("186","36","232","181","6","3.13","");
INSERT INTO tbl_top_6 VALUES("187","7","48","011","1","35.10","");
INSERT INTO tbl_top_6 VALUES("188","7","108","236","2","36.68","");
INSERT INTO tbl_top_6 VALUES("189","7","32","278","3","37.21","");
INSERT INTO tbl_top_6 VALUES("190","7","186","170","4","37.90","");
INSERT INTO tbl_top_6 VALUES("191","7","66","017","5","38.06","");
INSERT INTO tbl_top_6 VALUES("192","7","136","242","6","38.15","");
INSERT INTO tbl_top_6 VALUES("193","8","35","082","1","29:57","");
INSERT INTO tbl_top_6 VALUES("194","8","60","294","2","31.78","");
INSERT INTO tbl_top_6 VALUES("195","8","210","234","3","32.28","");
INSERT INTO tbl_top_6 VALUES("196","8","111","122","4","32:65","");
INSERT INTO tbl_top_6 VALUES("197","8","192","261","5","36:00","");
INSERT INTO tbl_top_6 VALUES("198","8","220","240","6","36.19","");
INSERT INTO tbl_top_6 VALUES("199","6","189","132","1","25.90","");
INSERT INTO tbl_top_6 VALUES("200","6","162","200","2","26.00","");
INSERT INTO tbl_top_6 VALUES("201","6","149","195","3","26.10","");
INSERT INTO tbl_top_6 VALUES("202","6","49","071","4","26.93","");
INSERT INTO tbl_top_6 VALUES("203","6","196","246","5","27.81","");
INSERT INTO tbl_top_6 VALUES("204","6","10","300","6","27.97","");
INSERT INTO tbl_top_6 VALUES("205","5","232","181","1","32.19","");
INSERT INTO tbl_top_6 VALUES("206","5","33","008","2","32.90","");
INSERT INTO tbl_top_6 VALUES("207","5","231","180","3","33.90","");
INSERT INTO tbl_top_6 VALUES("208","5","22","005","4","34.07","");
INSERT INTO tbl_top_6 VALUES("209","5","92","059","5","35.00","");
INSERT INTO tbl_top_6 VALUES("210","5","110","109","6","35.56","");
INSERT INTO tbl_top_6 VALUES("211","39","77","297","1","3.83","");
INSERT INTO tbl_top_6 VALUES("212","39","111","122","2","3.74","");
INSERT INTO tbl_top_6 VALUES("213","39","177","257","3","3.43","");
INSERT INTO tbl_top_6 VALUES("214","39","53","293","4","3.40","");
INSERT INTO tbl_top_6 VALUES("215","39","210","234","5","3.24","");
INSERT INTO tbl_top_6 VALUES("216","39","31","081","6","3.22","");
INSERT INTO tbl_top_6 VALUES("217","37","124","027","1","4.98","");
INSERT INTO tbl_top_6 VALUES("218","37","20","304","2","4.67","");
INSERT INTO tbl_top_6 VALUES("219","37","205","252","3","4.64","");
INSERT INTO tbl_top_6 VALUES("220","37","70","200","4","4.56","");
INSERT INTO tbl_top_6 VALUES("221","37","154","197","5","4.45","");
INSERT INTO tbl_top_6 VALUES("222","37","198","247","6","4.34","");
INSERT INTO tbl_top_6 VALUES("223","71","244","002","1","11","1");
INSERT INTO tbl_top_6 VALUES("224","71","0","","2","","");
INSERT INTO tbl_top_6 VALUES("225","71","0","","3","","");
INSERT INTO tbl_top_6 VALUES("226","71","0","","4","","");
INSERT INTO tbl_top_6 VALUES("227","71","0","","5","","");
INSERT INTO tbl_top_6 VALUES("228","71","0","","6","","");
INSERT INTO tbl_top_6 VALUES("229","73","67","283","1","41.38","");
INSERT INTO tbl_top_6 VALUES("230","73","0","","2","","");
INSERT INTO tbl_top_6 VALUES("231","73","0","","3","","");
INSERT INTO tbl_top_6 VALUES("232","73","0","","4","","");
INSERT INTO tbl_top_6 VALUES("233","73","0","","5","","");
INSERT INTO tbl_top_6 VALUES("234","73","0","","6","","");
INSERT INTO tbl_top_6 VALUES("235","10","149","195","1","54.88","");
INSERT INTO tbl_top_6 VALUES("236","10","109","021","2","56.01","");
INSERT INTO tbl_top_6 VALUES("237","10","10","300","3","59.47","");
INSERT INTO tbl_top_6 VALUES("238","10","135","031","4","1:00:31","");
INSERT INTO tbl_top_6 VALUES("239","10","42","070","5","1:35","");
INSERT INTO tbl_top_6 VALUES("240","10","174","204","6","1:40","");
INSERT INTO tbl_top_6 VALUES("241","9","104","062","1","1:14.12","");
INSERT INTO tbl_top_6 VALUES("242","9","84","058","2","1:14.84","");
INSERT INTO tbl_top_6 VALUES("243","9","226","177","3","1;15.44","");
INSERT INTO tbl_top_6 VALUES("244","9","16","004","4","1:18.75","");
INSERT INTO tbl_top_6 VALUES("245","9","5","001","5","1:19.00","");
INSERT INTO tbl_top_6 VALUES("246","9","170","229","6","1:25.00","");
INSERT INTO tbl_top_6 VALUES("247","12","35","082","1","1:09:81","");
INSERT INTO tbl_top_6 VALUES("248","12","144","038","2","1:14:40","");
INSERT INTO tbl_top_6 VALUES("249","12","223","242","3","1:16:53","");
INSERT INTO tbl_top_6 VALUES("250","12","220","240","4","1:19:16","");
INSERT INTO tbl_top_6 VALUES("251","12","230","184","5","1:20","");
INSERT INTO tbl_top_6 VALUES("252","12","206","266","6","1:30","");
INSERT INTO tbl_top_6 VALUES("253","11","98","231","1","1:16.75","");
INSERT INTO tbl_top_6 VALUES("254","11","48","011","2","1:19.91","");
INSERT INTO tbl_top_6 VALUES("255","11","64","016","3","1:20.53","");
INSERT INTO tbl_top_6 VALUES("256","11","93","229","4","1:22.75","");
INSERT INTO tbl_top_6 VALUES("257","11","172","168","5","1:27","");
INSERT INTO tbl_top_6 VALUES("258","11","169","167","6","1:37","");
INSERT INTO tbl_top_6 VALUES("259","34","50","072","1","12:09.41","");
INSERT INTO tbl_top_6 VALUES("260","34","30","306","2","12:20.44","");
INSERT INTO tbl_top_6 VALUES("261","34","199","248","3","13:55.32","");
INSERT INTO tbl_top_6 VALUES("262","34","86","224","4","14:42.38","");
INSERT INTO tbl_top_6 VALUES("263","34","0","","5","","");
INSERT INTO tbl_top_6 VALUES("264","34","0","","6","","");
INSERT INTO tbl_top_6 VALUES("265","35","236","188","1","15:47.06","");
INSERT INTO tbl_top_6 VALUES("266","35","225","182","2","16:01.38","");
INSERT INTO tbl_top_6 VALUES("267","35","221","241","3","18:16.57","");
INSERT INTO tbl_top_6 VALUES("268","35","0","","4","","");
INSERT INTO tbl_top_6 VALUES("269","35","0","","5","","");
INSERT INTO tbl_top_6 VALUES("270","35","0","","6","","");
INSERT INTO tbl_top_6 VALUES("271","31","13","078","1","13.01.38","");
INSERT INTO tbl_top_6 VALUES("272","31","233","185","2","13:51.40","");
INSERT INTO tbl_top_6 VALUES("273","31","208","233","3","14.40.44","");
INSERT INTO tbl_top_6 VALUES("274","31","96","123","4","15:12","");
INSERT INTO tbl_top_6 VALUES("275","31","0","","5","","");
INSERT INTO tbl_top_6 VALUES("276","31","0","","6","","");
INSERT INTO tbl_top_6 VALUES("277","28","13","078","1","5:52.28","");
INSERT INTO tbl_top_6 VALUES("278","28","239","191","2","6:16.59","");
INSERT INTO tbl_top_6 VALUES("279","28","215","237","3","6:35.88","");
INSERT INTO tbl_top_6 VALUES("280","28","0","","4","","");
INSERT INTO tbl_top_6 VALUES("281","28","0","","5","","");
INSERT INTO tbl_top_6 VALUES("282","28","0","","6","","");
INSERT INTO tbl_top_6 VALUES("283","25","76","056","1","5:47.44","");
INSERT INTO tbl_top_6 VALUES("284","25","104","062","2","5:50.53","");
INSERT INTO tbl_top_6 VALUES("285","25","219","174","3","5:53.19","");
INSERT INTO tbl_top_6 VALUES("286","25","0","","4","","");
INSERT INTO tbl_top_6 VALUES("287","25","0","","5","","");
INSERT INTO tbl_top_6 VALUES("288","25","0","","6","","");
INSERT INTO tbl_top_6 VALUES("289","26","165","201","1","4:49.22","");
INSERT INTO tbl_top_6 VALUES("290","26","179","206","2","4:54.75","");
INSERT INTO tbl_top_6 VALUES("291","26","127","028","3","4.56.72","");
INSERT INTO tbl_top_6 VALUES("292","26","0","","4","","");
INSERT INTO tbl_top_6 VALUES("293","26","0","","5","","");
INSERT INTO tbl_top_6 VALUES("294","26","0","","6","","");
INSERT INTO tbl_top_6 VALUES("295","40","12","003","1","8.55","");
INSERT INTO tbl_top_6 VALUES("296","40","224","176","2","8.23","");
INSERT INTO tbl_top_6 VALUES("297","40","25","006","3","8.15","");
INSERT INTO tbl_top_6 VALUES("298","40","44","271","4","7.10","");
INSERT INTO tbl_top_6 VALUES("299","40","222","175","5","7.08","");
INSERT INTO tbl_top_6 VALUES("300","40","156","226","6","6.88","");
INSERT INTO tbl_top_6 VALUES("301","43","77","297","1","8.40","");
INSERT INTO tbl_top_6 VALUES("302","43","21","079","2","8.29","");
INSERT INTO tbl_top_6 VALUES("303","43","31","081","3","8.07","");
INSERT INTO tbl_top_6 VALUES("304","43","225","182","4","8.04","");
INSERT INTO tbl_top_6 VALUES("305","43","177","257","5","7.97","");
INSERT INTO tbl_top_6 VALUES("306","43","53","293","6","7.63","");
INSERT INTO tbl_top_6 VALUES("307","41","37","217","1","11.07","");
INSERT INTO tbl_top_6 VALUES("308","41","162","200","2","10.81","");
INSERT INTO tbl_top_6 VALUES("309","41","27","305","3","10.46","");
INSERT INTO tbl_top_6 VALUES("310","41","194","245","4","10.35","");
INSERT INTO tbl_top_6 VALUES("311","41","20","304","5","10.28","");
INSERT INTO tbl_top_6 VALUES("312","41","168","202","6","10.28","");
INSERT INTO tbl_top_6 VALUES("313","42","52","012","1","6.92","");
INSERT INTO tbl_top_6 VALUES("314","42","121","338","2","6.42","");
INSERT INTO tbl_top_6 VALUES("315","42","62","015","3","6.40","");
INSERT INTO tbl_top_6 VALUES("316","42","85","226","4","6.17","");
INSERT INTO tbl_top_6 VALUES("317","42","172","168","5","6.16","");
INSERT INTO tbl_top_6 VALUES("318","42","29","277","6","5.92","");
INSERT INTO tbl_top_6 VALUES("319","27","62","015","1","6:09.63","");
INSERT INTO tbl_top_6 VALUES("320","27","56","013","2","6:17.09","");
INSERT INTO tbl_top_6 VALUES("321","27","169","167","3","6;25.88","");
INSERT INTO tbl_top_6 VALUES("322","27","0","","4","","");
INSERT INTO tbl_top_6 VALUES("323","27","0","","5","","");
INSERT INTO tbl_top_6 VALUES("324","27","0","","6","","");
INSERT INTO tbl_top_6 VALUES("325","63","35","082","1","44:65","");
INSERT INTO tbl_top_6 VALUES("326","63","227","183","2","49:46","");
INSERT INTO tbl_top_6 VALUES("327","63","177","257","3","52:94","");
INSERT INTO tbl_top_6 VALUES("328","63","0","","4","","");
INSERT INTO tbl_top_6 VALUES("329","63","0","","5","","");
INSERT INTO tbl_top_6 VALUES("330","63","0","","6","","");
INSERT INTO tbl_top_6 VALUES("331","61","11","301","1","40:38","");
INSERT INTO tbl_top_6 VALUES("332","61","176","205","2","40:72","");
INSERT INTO tbl_top_6 VALUES("333","61","49","071","3","43:03","");
INSERT INTO tbl_top_6 VALUES("334","61","0","","4","","");
INSERT INTO tbl_top_6 VALUES("335","61","0","","5","","");
INSERT INTO tbl_top_6 VALUES("336","61","0","","6","","");
INSERT INTO tbl_top_6 VALUES("337","62","48","011","1","54:97","");
INSERT INTO tbl_top_6 VALUES("338","62","8","065","2","58:69","");
INSERT INTO tbl_top_6 VALUES("339","62","88","227","3","1:02","");
INSERT INTO tbl_top_6 VALUES("340","62","45","282","4","1:04","");
INSERT INTO tbl_top_6 VALUES("341","62","0","","5","","");
INSERT INTO tbl_top_6 VALUES("342","62","0","","6","","");
INSERT INTO tbl_top_6 VALUES("343","60","224","176","1","47:66","");
INSERT INTO tbl_top_6 VALUES("344","60","12","003","2","48:50","");
INSERT INTO tbl_top_6 VALUES("345","60","76","056","3","52:53","");
INSERT INTO tbl_top_6 VALUES("346","60","178","231","4","54:00","");
INSERT INTO tbl_top_6 VALUES("347","60","44","271","5","54:20","");
INSERT INTO tbl_top_6 VALUES("348","60","0","","6","","");
INSERT INTO tbl_top_6 VALUES("349","65","49","071","1","2:58.41","");
INSERT INTO tbl_top_6 VALUES("350","65","141","031","2","2:58.65","");
INSERT INTO tbl_top_6 VALUES("351","65","10","300","3","3:00.44","");
INSERT INTO tbl_top_6 VALUES("352","65","154","197","4","3:18","");
INSERT INTO tbl_top_6 VALUES("353","65","0","","5","","");
INSERT INTO tbl_top_6 VALUES("354","65","0","","6","","");
INSERT INTO tbl_top_6 VALUES("355","67","35","082","1","3:25.18","");
INSERT INTO tbl_top_6 VALUES("356","67","230","184","2","3:46.06","");
INSERT INTO tbl_top_6 VALUES("357","67","147","039","3","3:46.93","");
INSERT INTO tbl_top_6 VALUES("358","67","0","","4","","");
INSERT INTO tbl_top_6 VALUES("359","67","0","","5","","");
INSERT INTO tbl_top_6 VALUES("360","67","0","","6","","");
INSERT INTO tbl_top_6 VALUES("361","33","135","031","1","19:49.82","");
INSERT INTO tbl_top_6 VALUES("362","33","50","072","2","19:51.82","");
INSERT INTO tbl_top_6 VALUES("363","33","89","225","3","20:22.72","");
INSERT INTO tbl_top_6 VALUES("364","33","3","298","4","21:07","");
INSERT INTO tbl_top_6 VALUES("365","33","207","253","5","22:00","");
INSERT INTO tbl_top_6 VALUES("366","33","0","","6","","");
INSERT INTO tbl_top_6 VALUES("367","64","224","176","1","3:28.66","");
INSERT INTO tbl_top_6 VALUES("368","64","76","056","2","3:41.47","");
INSERT INTO tbl_top_6 VALUES("369","64","5","001","3","3:50.00","");
INSERT INTO tbl_top_6 VALUES("370","64","0","","4","","");
INSERT INTO tbl_top_6 VALUES("371","64","0","","5","","");
INSERT INTO tbl_top_6 VALUES("372","64","0","","6","","");
INSERT INTO tbl_top_6 VALUES("373","66","48","011","1","4:01.38","");
INSERT INTO tbl_top_6 VALUES("374","66","108","236","2","4:22.97","");
INSERT INTO tbl_top_6 VALUES("375","66","98","231","3","4:35","");
INSERT INTO tbl_top_6 VALUES("376","66","0","","4","","");
INSERT INTO tbl_top_6 VALUES("377","66","0","","5","","");
INSERT INTO tbl_top_6 VALUES("378","66","0","","6","","");
INSERT INTO tbl_top_6 VALUES("379","69","0","","7","","");
INSERT INTO tbl_top_6 VALUES("380","69","0","","8","","");
INSERT INTO tbl_top_6 VALUES("381","69","242","001","1","10secs","1");
INSERT INTO tbl_top_6 VALUES("382","70","243","001","1","1","1");
INSERT INTO tbl_top_6 VALUES("383","70","0","","2","","");
INSERT INTO tbl_top_6 VALUES("384","70","0","","3","","");
INSERT INTO tbl_top_6 VALUES("385","70","0","","4","","");
INSERT INTO tbl_top_6 VALUES("386","70","0","","5","","");
INSERT INTO tbl_top_6 VALUES("387","70","0","","6","","");
INSERT INTO tbl_top_6 VALUES("388","70","0","","7","","");
INSERT INTO tbl_top_6 VALUES("389","70","0","","8","","");
INSERT INTO tbl_top_6 VALUES("390","71","0","","7","","");
INSERT INTO tbl_top_6 VALUES("391","71","0","","8","","");
INSERT INTO tbl_top_6 VALUES("392","74","243","001","1","1","");
INSERT INTO tbl_top_6 VALUES("393","74","0","","2","","");
INSERT INTO tbl_top_6 VALUES("394","74","0","","3","","");
INSERT INTO tbl_top_6 VALUES("395","74","0","","4","","");
INSERT INTO tbl_top_6 VALUES("396","74","0","","5","","");
INSERT INTO tbl_top_6 VALUES("397","74","0","","6","","");
INSERT INTO tbl_top_6 VALUES("398","74","0","","7","","");
INSERT INTO tbl_top_6 VALUES("399","74","0","","8","","");
INSERT INTO tbl_top_6 VALUES("400","75","244","002","1","1","1");
INSERT INTO tbl_top_6 VALUES("401","75","0","","2","","");
INSERT INTO tbl_top_6 VALUES("402","75","0","","3","","");
INSERT INTO tbl_top_6 VALUES("403","75","0","","4","","");
INSERT INTO tbl_top_6 VALUES("404","75","0","","5","","");
INSERT INTO tbl_top_6 VALUES("405","75","0","","6","","");
INSERT INTO tbl_top_6 VALUES("406","75","0","","7","","");
INSERT INTO tbl_top_6 VALUES("407","75","0","","8","","");
INSERT INTO tbl_top_6 VALUES("408","79","244","002","1","1","1");
INSERT INTO tbl_top_6 VALUES("409","79","0","","2","","");
INSERT INTO tbl_top_6 VALUES("410","79","0","","3","","");
INSERT INTO tbl_top_6 VALUES("411","79","0","","4","","");
INSERT INTO tbl_top_6 VALUES("412","79","0","","5","","");
INSERT INTO tbl_top_6 VALUES("413","79","0","","6","","");
INSERT INTO tbl_top_6 VALUES("414","79","0","","7","","");
INSERT INTO tbl_top_6 VALUES("415","79","0","","8","","");



DROP TABLE tbl_user;

CREATE TABLE `tbl_user` (
  `user_id` int(11) NOT NULL AUTO_INCREMENT,
  `user_name` varchar(100) NOT NULL,
  `user_pass` varchar(255) NOT NULL,
  `user_fulname` varchar(100) NOT NULL,
  `user_type` varchar(100) NOT NULL,
  `user_status` int(11) NOT NULL,
  PRIMARY KEY (`user_id`)
) ENGINE=InnoDB AUTO_INCREMENT=2 DEFAULT CHARSET=latin1;

INSERT INTO tbl_user VALUES("1","admin","a1Bz20ydqelm8m1wql21232f297a57a5a743894a0e4a801fc3","Administrator","admin","1");



DROP TABLE tbl_winner;

CREATE TABLE `tbl_winner` (
  `win_id` int(11) NOT NULL AUTO_INCREMENT,
  `game_id` int(11) NOT NULL,
  `a_id` int(11) NOT NULL,
  `a_no` varchar(20) NOT NULL,
  `standing_id` varchar(50) NOT NULL,
  `remarks` varchar(255) NOT NULL,
  `lane` varchar(20) NOT NULL,
  PRIMARY KEY (`win_id`)
) ENGINE=InnoDB AUTO_INCREMENT=202 DEFAULT CHARSET=latin1;

INSERT INTO tbl_winner VALUES("1","56","28","007","Gold","26.23","");
INSERT INTO tbl_winner VALUES("2","56","219","174","Silver","25.92","");
INSERT INTO tbl_winner VALUES("3","56","156","226","Bronze","25.45","");
INSERT INTO tbl_winner VALUES("4","58","2","063","Gold","16.04","");
INSERT INTO tbl_winner VALUES("5","58","88","227","Silver","15.07","");
INSERT INTO tbl_winner VALUES("6","58","125","239","Bronze","13.61","");
INSERT INTO tbl_winner VALUES("7","59","4","077","Gold","24.80","");
INSERT INTO tbl_winner VALUES("8","59","173","256","Silver","24.0 (23.80)","");
INSERT INTO tbl_winner VALUES("9","59","140","036","Bronze","24.0 (23.14)","");
INSERT INTO tbl_winner VALUES("10","57","49","071","Gold","38.22","");
INSERT INTO tbl_winner VALUES("11","57","145","193","Silver","35.10","");
INSERT INTO tbl_winner VALUES("12","57","165","201","Bronze","35.04","");
INSERT INTO tbl_winner VALUES("13","54","2","063","Gold","16.10","");
INSERT INTO tbl_winner VALUES("14","54","75","020","Silver","15.59","");
INSERT INTO tbl_winner VALUES("15","54","88","227","Bronze","14.32","");
INSERT INTO tbl_winner VALUES("16","53","205","252","Gold","26.73","");
INSERT INTO tbl_winner VALUES("17","53","193","244","Silver","26.67","");
INSERT INTO tbl_winner VALUES("18","53","148","194","Bronze","24.13","");
INSERT INTO tbl_winner VALUES("19","69","242","001","Gold","1","1");
INSERT INTO tbl_winner VALUES("20","69","242","001","Silver","2","2");
INSERT INTO tbl_winner VALUES("21","69","0","","Bronze","","");
INSERT INTO tbl_winner VALUES("22","52","219","174","Gold","17.49","");
INSERT INTO tbl_winner VALUES("23","52","150","225","Silver","17.32","");
INSERT INTO tbl_winner VALUES("24","52","146","224","Bronze","15.87","");
INSERT INTO tbl_winner VALUES("25","50","36","279","Gold","5.0-SAN JOSE","");
INSERT INTO tbl_winner VALUES("26","50","75","020","Silver","4.64-BASILISA","");
INSERT INTO tbl_winner VALUES("27","50","71","019","Bronze","4.56-BASILISA","");
INSERT INTO tbl_winner VALUES("28","55","173","256","Gold","21.03","");
INSERT INTO tbl_winner VALUES("29","55","4","077","Silver","18.77","");
INSERT INTO tbl_winner VALUES("30","55","26","080","Bronze","17.85","");
INSERT INTO tbl_winner VALUES("31","48","12","003","Gold","7.66","");
INSERT INTO tbl_winner VALUES("32","48","213","172","Silver","6.95","");
INSERT INTO tbl_winner VALUES("33","48","146","224","Bronze","6.72","");
INSERT INTO tbl_winner VALUES("34","23","98","231","Gold","3:05-LIBJO","");
INSERT INTO tbl_winner VALUES("35","23","62","015","Silver","3:08-BASILISA","");
INSERT INTO tbl_winner VALUES("36","23","56","013","Bronze","3:10-BASILISA","");
INSERT INTO tbl_winner VALUES("37","22","149","195","Gold","2.16","");
INSERT INTO tbl_winner VALUES("38","22","137","033","Silver","2.20","");
INSERT INTO tbl_winner VALUES("39","22","127","028","Bronze","2.25","");
INSERT INTO tbl_winner VALUES("40","21","76","056","Gold","2:48.50","");
INSERT INTO tbl_winner VALUES("41","21","104","062","Silver","2:55.00","");
INSERT INTO tbl_winner VALUES("42","21","9","002","Bronze","3:03.10","");
INSERT INTO tbl_winner VALUES("43","24","13","078","Gold","2:48.97","");
INSERT INTO tbl_winner VALUES("44","24","221","241","Silver","2:56.0","");
INSERT INTO tbl_winner VALUES("45","24","223","242","Bronze","3:02.06","");
INSERT INTO tbl_winner VALUES("46","2","189","132","Gold","12.20","");
INSERT INTO tbl_winner VALUES("47","2","176","205","Silver","12.25","");
INSERT INTO tbl_winner VALUES("48","2","171","203","Bronze","12.75","");
INSERT INTO tbl_winner VALUES("49","1","224","176","Gold","14.43","");
INSERT INTO tbl_winner VALUES("50","1","222","175","Silver","14.94","");
INSERT INTO tbl_winner VALUES("51","1","33","008","Bronze","15.29","");
INSERT INTO tbl_winner VALUES("52","3","48","011","Gold","15.85-BASILISA","");
INSERT INTO tbl_winner VALUES("53","3","172","168","Silver","16.63-LORETO","");
INSERT INTO tbl_winner VALUES("54","3","108","236","Bronze","16.70-TUBAJON","");
INSERT INTO tbl_winner VALUES("55","49","205","252","Gold","9.63","");
INSERT INTO tbl_winner VALUES("56","49","112","022","Silver","9.54","");
INSERT INTO tbl_winner VALUES("57","49","74","221","Bronze","9.17","");
INSERT INTO tbl_winner VALUES("58","51","173","256","Gold","         7.37","");
INSERT INTO tbl_winner VALUES("59","51","4","077","Silver","        7.10","");
INSERT INTO tbl_winner VALUES("60","51","212","235","Bronze","6.42","");
INSERT INTO tbl_winner VALUES("61","4","35","082","Gold","           13.66","");
INSERT INTO tbl_winner VALUES("62","4","60","294","Silver","           14.19","");
INSERT INTO tbl_winner VALUES("63","4","111","122","Bronze","14.50","");
INSERT INTO tbl_winner VALUES("64","19","64","016","Gold","1:29.34","");
INSERT INTO tbl_winner VALUES("65","19","155","164","Silver","1:38","");
INSERT INTO tbl_winner VALUES("66","19","69","018","Bronze","1:39","");
INSERT INTO tbl_winner VALUES("67","38","45","282","Gold","3.03-SAN JOSE","");
INSERT INTO tbl_winner VALUES("68","38","80","118","Silver","2.98-DINAGAT","");
INSERT INTO tbl_winner VALUES("69","38","85","226","Bronze","2.92-LIBJO","");
INSERT INTO tbl_winner VALUES("70","20","21","079","Gold","           1:21:75","");
INSERT INTO tbl_winner VALUES("71","20","147","039","Silver","           1:26:34","");
INSERT INTO tbl_winner VALUES("72","20","234","186","Bronze","           1:28:40","");
INSERT INTO tbl_winner VALUES("73","36","76","056","Gold","3.43","");
INSERT INTO tbl_winner VALUES("74","36","181","232","Silver","3.37","");
INSERT INTO tbl_winner VALUES("75","36","25","006","Bronze","3.32","");
INSERT INTO tbl_winner VALUES("76","7","48","011","Gold","34.16-BASILISA","");
INSERT INTO tbl_winner VALUES("77","7","108","236","Silver","36.31-TUBAJON","");
INSERT INTO tbl_winner VALUES("78","7","186","170","Bronze","37.03-LORETO","");
INSERT INTO tbl_winner VALUES("79","18","154","197","Gold","1.03:22","");
INSERT INTO tbl_winner VALUES("80","18","82","223","Silver","1.06:09","");
INSERT INTO tbl_winner VALUES("81","18","119","025","Bronze","1.12.82","");
INSERT INTO tbl_winner VALUES("82","17","213","172","Gold","1:17.81","");
INSERT INTO tbl_winner VALUES("83","17","224","176","Silver","1:21.88","");
INSERT INTO tbl_winner VALUES("84","17","183","233","Bronze","1:37.81","");
INSERT INTO tbl_winner VALUES("85","39","77","297","Gold","         3.83","");
INSERT INTO tbl_winner VALUES("86","39","111","122","Silver","         3.74","");
INSERT INTO tbl_winner VALUES("87","39","177","257","Bronze","         3.43","");
INSERT INTO tbl_winner VALUES("88","37","124","027","Gold","4.98","");
INSERT INTO tbl_winner VALUES("89","37","20","304","Silver","4.67","");
INSERT INTO tbl_winner VALUES("90","37","205","252","Bronze","4.64","");
INSERT INTO tbl_winner VALUES("91","71","244","002","Gold","1","1");
INSERT INTO tbl_winner VALUES("92","71","244","002","Silver","2","2");
INSERT INTO tbl_winner VALUES("93","71","0","","Bronze","","");
INSERT INTO tbl_winner VALUES("94","73","67","283","Gold","41.38","");
INSERT INTO tbl_winner VALUES("95","73","0","","Silver","","");
INSERT INTO tbl_winner VALUES("96","73","0","","Bronze","","");
INSERT INTO tbl_winner VALUES("97","34","50","072","Gold","12:09.41","");
INSERT INTO tbl_winner VALUES("98","34","30","306","Silver","12:20.44","");
INSERT INTO tbl_winner VALUES("99","34","199","248","Bronze","13:55.32","");
INSERT INTO tbl_winner VALUES("100","35","236","188","Gold","15:47.06/ LORETO","");
INSERT INTO tbl_winner VALUES("101","35","225","182","Silver","16:01.38/ LORETO","");
INSERT INTO tbl_winner VALUES("102","35","221","241","Bronze","18:16.57/ LIBJO","");
INSERT INTO tbl_winner VALUES("103","31","13","078","Gold","13.01.38/CAGDIANAO","");
INSERT INTO tbl_winner VALUES("104","31","233","185","Silver","13:51.40/ LORETO","");
INSERT INTO tbl_winner VALUES("105","31","208","233","Bronze","14:40.44/LIBJO","");
INSERT INTO tbl_winner VALUES("106","13","45","282","Gold","20.62-SAN JOSE","");
INSERT INTO tbl_winner VALUES("107","13","52","012","Silver","20.91-BASILISA","");
INSERT INTO tbl_winner VALUES("108","13","136","242","Bronze","21.50-TUBAJON","");
INSERT INTO tbl_winner VALUES("109","15","213","172","Gold","20.20","");
INSERT INTO tbl_winner VALUES("110","15","183","233","Silver","22.10","");
INSERT INTO tbl_winner VALUES("111","15","99","061","Bronze","22.78","");
INSERT INTO tbl_winner VALUES("112","14","46","292","Gold","18:53/SAN JOSE","");
INSERT INTO tbl_winner VALUES("113","14","31","081","Silver","19:03/ CAGDIANAO","");
INSERT INTO tbl_winner VALUES("114","14","230","184","Bronze","19:56/LORETO","");
INSERT INTO tbl_winner VALUES("115","28","13","078","Gold","5:52.28/CAGDIANAO","");
INSERT INTO tbl_winner VALUES("116","28","239","191","Silver","6:16.59/ LORETO","");
INSERT INTO tbl_winner VALUES("117","28","215","237","Bronze","6:35.88/LIBJO","");
INSERT INTO tbl_winner VALUES("118","16","79","222","Gold","17:53/LIBJO","");
INSERT INTO tbl_winner VALUES("119","16","154","197","Silver","18:00/LORETO","");
INSERT INTO tbl_winner VALUES("120","16","119","025","Bronze","20:19/BASILISA","");
INSERT INTO tbl_winner VALUES("121","25","76","056","Gold","5:47.44","");
INSERT INTO tbl_winner VALUES("122","25","104","062","Silver","5:50.53","");
INSERT INTO tbl_winner VALUES("123","25","219","174","Bronze","5:53.19","");
INSERT INTO tbl_winner VALUES("124","26","165","201","Gold","4:49:22/ LORETO","");
INSERT INTO tbl_winner VALUES("125","26","179","206","Silver","4:54:55/ LORETO","");
INSERT INTO tbl_winner VALUES("126","26","127","028","Bronze","4:56:72/ BASILISA","");
INSERT INTO tbl_winner VALUES("127","5","33","008","Gold","31.71","");
INSERT INTO tbl_winner VALUES("128","5","231","180","Silver","32.55","");
INSERT INTO tbl_winner VALUES("129","5","92","059","Bronze","34.16","");
INSERT INTO tbl_winner VALUES("130","8","35","082","Gold","29:00/CAGDIANAO","");
INSERT INTO tbl_winner VALUES("131","8","60","294","Silver","30.94/ SAN JOSE","");
INSERT INTO tbl_winner VALUES("132","8","210","234","Bronze","32:28/LIBJO","");
INSERT INTO tbl_winner VALUES("133","6","189","132","Gold","25:75/ DINAGAT","");
INSERT INTO tbl_winner VALUES("134","6","149","195","Silver","25:84/ LORETO","");
INSERT INTO tbl_winner VALUES("135","6","49","071","Bronze","26:15/ CAGDIANAO","");
INSERT INTO tbl_winner VALUES("136","40","12","003","Gold","8.55","");
INSERT INTO tbl_winner VALUES("137","40","224","176","Silver","8.23","");
INSERT INTO tbl_winner VALUES("138","40","25","006","Bronze","8.15","");
INSERT INTO tbl_winner VALUES("139","41","37","217","Gold","11.07/LIBJO","");
INSERT INTO tbl_winner VALUES("140","41","162","200","Silver","10.81/ LORETO","");
INSERT INTO tbl_winner VALUES("141","41","27","305","Bronze","10.46/ SAN JOSE","");
INSERT INTO tbl_winner VALUES("142","43","77","297","Gold","8.40/SAN JOSE","");
INSERT INTO tbl_winner VALUES("143","43","21","079","Silver","8.29/CSAGDIANAO","");
INSERT INTO tbl_winner VALUES("144","43","31","081","Bronze","8.07/CAGDIANAO","");
INSERT INTO tbl_winner VALUES("145","42","52","012","Gold","6.92-BASILISA","");
INSERT INTO tbl_winner VALUES("146","42","121","338","Silver","6.42-TUBAJON","");
INSERT INTO tbl_winner VALUES("147","42","62","015","Bronze","6.40-BASILISA","");
INSERT INTO tbl_winner VALUES("148","27","62","015","Gold","6:09-BASILISA","");
INSERT INTO tbl_winner VALUES("149","27","56","013","Silver","6:17-BASILISA","");
INSERT INTO tbl_winner VALUES("150","27","169","167","Bronze","6:25-LORETO","");
INSERT INTO tbl_winner VALUES("151","9","104","062","Gold","1:11.57","");
INSERT INTO tbl_winner VALUES("152","9","84","058","Silver","1:12.94","");
INSERT INTO tbl_winner VALUES("153","9","226","177","Bronze","1:13.84","");
INSERT INTO tbl_winner VALUES("154","63","35","082","Gold","44:65","");
INSERT INTO tbl_winner VALUES("155","63","227","183","Silver","49:46","");
INSERT INTO tbl_winner VALUES("156","63","177","257","Bronze","52:94","");
INSERT INTO tbl_winner VALUES("157","61","11","301","Gold","40:38/ SAN JOSE","");
INSERT INTO tbl_winner VALUES("158","61","176","205","Silver","40:72/ LORETO","");
INSERT INTO tbl_winner VALUES("159","61","49","071","Bronze","43:03/ CAGDIANAO","");
INSERT INTO tbl_winner VALUES("160","12","35","082","Gold","1:09.06/ CAGDIANAO","");
INSERT INTO tbl_winner VALUES("161","12","144","038","Silver","1:14.03/BASILISA","");
INSERT INTO tbl_winner VALUES("162","12","223","242","Bronze","1:14.69/LIBJO","");
INSERT INTO tbl_winner VALUES("163","62","48","011","Gold","54:97-BASILISA","");
INSERT INTO tbl_winner VALUES("164","62","8","065","Silver","58:69-CAGDIANAO","");
INSERT INTO tbl_winner VALUES("165","62","88","227","Bronze","1:02-LIBJO","");
INSERT INTO tbl_winner VALUES("166","10","149","195","Gold","54:56/ LORETO","");
INSERT INTO tbl_winner VALUES("167","10","109","021","Silver","57:82/ BASILISA","");
INSERT INTO tbl_winner VALUES("168","10","135","031","Bronze","59:84/ BASILISA","");
INSERT INTO tbl_winner VALUES("169","65","49","071","Gold","2:58.41/ CAGDIANAO","");
INSERT INTO tbl_winner VALUES("170","65","141","031","Silver","2:58.65/ BASILISA","");
INSERT INTO tbl_winner VALUES("171","65","10","300","Bronze","3:00.44/ SAN JOSE","");
INSERT INTO tbl_winner VALUES("172","67","35","082","Gold","3:25.18/ CAGDIANAO","");
INSERT INTO tbl_winner VALUES("173","67","230","184","Silver","3:46.06/ LORETO","");
INSERT INTO tbl_winner VALUES("174","67","147","039","Bronze","3:46.93/ BASILISA","");
INSERT INTO tbl_winner VALUES("175","60","224","176","Gold","47:66","");
INSERT INTO tbl_winner VALUES("176","60","12","003","Silver","48:50","");
INSERT INTO tbl_winner VALUES("177","60","76","056","Bronze","52:53","");
INSERT INTO tbl_winner VALUES("178","11","98","231","Gold","1:16.75-LIBJO","");
INSERT INTO tbl_winner VALUES("179","11","48","011","Silver","1:19.91-BASILISA","");
INSERT INTO tbl_winner VALUES("180","11","64","016","Bronze","1:20.53-BASILISA","");
INSERT INTO tbl_winner VALUES("181","33","135","031","Gold","19:49.82/ BASILISA","");
INSERT INTO tbl_winner VALUES("182","33","50","072","Silver","19:51.82/ CAGDIANAO","");
INSERT INTO tbl_winner VALUES("183","33","89","225","Bronze","20:22/LIBJO","");
INSERT INTO tbl_winner VALUES("184","64","224","176","Gold","3:28.66","");
INSERT INTO tbl_winner VALUES("185","64","76","056","Silver","3:41.47","");
INSERT INTO tbl_winner VALUES("186","64","5","001","Bronze","3:50.00","");
INSERT INTO tbl_winner VALUES("187","66","48","011","Gold","4:01-BASILISA","");
INSERT INTO tbl_winner VALUES("188","66","108","236","Silver","4:22-TUBAJON","");
INSERT INTO tbl_winner VALUES("189","66","98","231","Bronze","4:35-LIBJO","");
INSERT INTO tbl_winner VALUES("190","70","243","001","Gold","1","1");
INSERT INTO tbl_winner VALUES("191","70","243","001","Silver","2","2");
INSERT INTO tbl_winner VALUES("192","70","0","","Bronze","","");
INSERT INTO tbl_winner VALUES("193","74","243","001","Gold","1","1");
INSERT INTO tbl_winner VALUES("194","74","0","","Silver","","");
INSERT INTO tbl_winner VALUES("195","74","0","","Bronze","","");
INSERT INTO tbl_winner VALUES("196","75","244","002","Gold","1","1");
INSERT INTO tbl_winner VALUES("197","75","0","","Silver","","");
INSERT INTO tbl_winner VALUES("198","75","0","","Bronze","","");
INSERT INTO tbl_winner VALUES("199","79","244","002","Gold","1","1");
INSERT INTO tbl_winner VALUES("200","79","0","","Silver","","");
INSERT INTO tbl_winner VALUES("201","79","0","","Bronze","","");



